description,category,amount,merchant,is_synthetic,is_augmented
Contract Work Invoice #7066,freelance,196.28,,True,
$106 Payment for services,entertainment,134.15,Hulu,,True
Food Lion grocery purchase,groceries,47.79,Safeway,,True
Fast food $162,dining,50.02,Taco Bell,,True
$145 Shell ride,transportation,54.55,BP,,True
Dinner at Dunkin' purchase,dining,27.97,Burger King,,True
Dec Direct Deposit Salary,salary,5719.29,,,True
Contract Work Invoice #4599 $145,freelance,303.35,,,True
payment to Subway,dining,25.97,Chick-fil-A,,True
Public transportation via PayPal,transportation,34.21,Lyft,,True
MONTHLY SALARY DEPOSIT,salary,7408.81,,,True
payment for services,healthcare,208.36,Medical Supplies,,True
$183 Contract Work Invoice #8932,freelance,351.89,,,True
Coffee at Wendy's Oct,dining,13.44,Taco Bell,,True
Contract Work Invoice #6963 via Mastercard,freelance,241.86,,,True
Dinner at Wendy's,dining,5.0,Chipotle,True,
Uber Ride,transportation,14.83,Train Ticket,,True
Produce Purchase,groceries,61.88,Aldi,,True
May Purchase,subscriptions,30.48,,,True
Contract Work Invoice #6713,freelance,749.9,,True,
$179 Best Buy order,shopping,15.0,Macy's,,True
gas at bus ticket,transportation,38.63,Shell,,True
dunkin',dining,20.27,Domino's,,True
$145 Parking fee,transportation,31.55,Exxon,,True
Bank Transfer,utilities,30.0,Water Bill,True,
Lowe's order $136,shopping,64.85,Kohl's,,True
publix grocery,groceries,113.23,Publix,,True
Contract Work Invoice #4338,freelance,1727.35,,,True
Restaurant meal via Mastercard,dining,31.69,Panera Bread,,True
Aug Bank Transfer,utilities,210.72,Water Bill,,True
Subscriptions Transaction $32,subscriptions,18.46,,,True
Fast food via Visa,dining,10.64,Starbucks,,True
Oct Public transportation,transportation,48.59,Bus Ticket,,True
Dinner at Wendy's via Mastercard,dining,33.36,Chick-fil-A,,True
lunch at taco bell,dining,52.23,Panera Bread,,True
BANK TRANSFER,subscriptions,24.24,,,True
Online purchase Amazon,shopping,45.86,Walmart,True,
dinner at mcdonald's,dining,21.2,Wendy's,,True
Contract Work Invoice #1516,freelance,4280.11,,True,
Chick-fil-A Dec,dining,20.68,Domino's,,True
paycheck from tech corp,salary,5285.52,,,True
Old Navy shopping $82,shopping,139.05,Nordstrom,,True
Applebees,dining,20.05,Taco Bell,True,
Bank Transfer via Apple Pay,housing,514.45,Home Insurance,,True
Produce purchase $67,groceries,60.21,Target,,True
Feb Bank Transfer,subscriptions,10.07,,,True
payment to Online purchase eBay,shopping,15.0,Macy's,,True
$93 Subscriptions Transaction,subscriptions,22.81,,,True
payment to Lowe's shopping,shopping,15.0,Lowe's,,True
Train Ticket Ride,transportation,33.19,Shell,,True
Gap shopping,shopping,59.32,Lowe's,True,
Online purchase Macy's purchase,shopping,108.05,Home Depot,,True
Walmart grocery,groceries,77.83,Safeway,True,
Lunch at Dunkin',dining,5.0,Wendy's,True,
Fast food,dining,19.95,Chipotle,True,
$79 Walmart grocery,groceries,89.68,Whole Foods,,True
Lunch at Applebees via PayPal,dining,5.0,Subway,,True
Jan Kohl's shopping,shopping,31.34,Target,,True
Clothing purchase $138,shopping,15.0,Macy's,,True
$30 Bank Transfer,utilities,118.48,Cable TV,,True
monthly salary deposit,salary,7408.81,,,True
Contract Work Invoice #5638,freelance,3019.78,,True,
Contract Work Invoice #6696 $8,freelance,100.0,,,True
Target grocery $121,groceries,111.34,Publix,,True
Monthly Salary Deposit via Mastercard,salary,6014.17,,,True
Electronics eBay,shopping,314.0,Kohl's,True,
Bank Transfer Jul,housing,1731.99,Apartment,,True
Macy's order,shopping,76.68,Nordstrom,True,
$8 Contract Work Invoice #6696,freelance,100.0,,,True
Jan Healthcare Transaction,healthcare,176.18,Health Insurance,,True
Groceries at Trader Joe's purchase,groceries,75.29,Walmart,,True
Bus Ticket ride purchase,transportation,39.82,Exxon,,True
Lunch at Chick-fil-A via Mastercard,dining,35.43,Wendy's,,True
at Groceries at Trader Joe's,groceries,182.94,Costco,,True
Dunkin',dining,67.78,Domino's,True,
Bank Transfer $102,housing,514.45,Home Insurance,,True
Groceries At Meijer,groceries,137.65,Publix,,True
APPLEBEES,dining,31.4,Wendy's,,True
Purchase via Apple Pay,utilities,52.98,Sewer Bill,,True
Produce purchase $160,groceries,63.0,Costco,,True
Gas at Gas Station purchase,transportation,11.4,Gas Station,,True
$130 Supermarket purchase,groceries,33.05,Kroger,,True
Lunch At Chipotle,dining,44.29,McDonald's,,True
PAYMENT FOR SERVICES,subscriptions,14.52,,,True
Gas at BP,transportation,10.0,Parking,True,
Gas At Shell,transportation,44.1,Shell,,True
Meijer Grocery,groceries,131.05,Walmart,,True
$55 Weekly groceries,groceries,106.77,Target,,True
Chick-fil-A via PayPal,dining,15.97,Burger King,,True
Contract Work Invoice #6046,freelance,100.0,,True,
payment to Panera Bread,dining,5.0,Dunkin',,True
$15 Chick-fil-A,dining,15.97,Burger King,,True
Bank Transfer $86,entertainment,68.86,Arcade,,True
Dec Groceries at Trader Joe's,groceries,75.29,Walmart,,True
Apr Public transportation,transportation,19.59,Metro Transit,,True
Contract Work Invoice #3625,freelance,1550.6,,True,
Healthcare Transaction Jan,healthcare,176.18,Health Insurance,,True
SAFEWAY GROCERY,groceries,110.09,Food Lion,,True
Coffee at Dunkin',dining,51.43,Domino's,True,
Taco Bell purchase,dining,19.34,Applebees,,True
STARBUCKS,dining,5.0,Starbucks,,True
Parking fee via Google Pay,transportation,19.6,Parking,,True
Apr Electronics Macy's,shopping,296.56,Kohl's,,True
Coffee at Starbucks Feb,dining,11.16,Domino's,,True
Shell ride purchase,transportation,39.76,Shell,,True
Contract Work Invoice #2109,freelance,1960.74,,True,
payment for services,housing,1676.64,Property Tax,,True
paycheck from acme inc,salary,4220.01,,,True
Groceries at Walmart purchase,groceries,79.93,Costco,,True
Jul Payment for services,utilities,78.91,Phone Bill,,True
EBAY ORDER,shopping,200.55,Kohl's,,True
$100 Lunch at Pizza Hut,dining,25.28,Dunkin',,True
$139 Gap order,shopping,15.0,Walmart,,True
ELECTRONICS GAP,shopping,63.84,Home Depot,,True
Contract Work Invoice #3045,freelance,117.74,,True,
at Lunch at Chipotle,dining,44.29,McDonald's,,True
Dinner at Dunkin' $179,dining,27.97,Burger King,,True
Groceries at Safeway $123,groceries,83.56,Publix,,True
DINNER AT MCDONALD'S,dining,21.2,Wendy's,,True
Jan Shell ride,transportation,39.76,Shell,,True
Contract Work Invoice #7781,freelance,100.0,,True,
Jan Supermarket purchase,groceries,42.33,Safeway,,True
Supermarket purchase $184,groceries,119.38,Trader Joe's,,True
Online purchase eBay purchase,shopping,15.0,Macy's,,True
GROCERIES AT TARGET,groceries,43.6,Aldi,,True
Direct Deposit Salary,salary,8146.87,,True,
LYFT RIDE,transportation,19.45,Gas Station,,True
$143 Produce purchase,groceries,20.0,Whole Foods,,True
Lunch at Wendy's purchase,dining,14.78,Subway,,True
Gas at BP purchase,transportation,72.04,Shell,,True
Purchase,housing,1734.45,HOA Fees,True,
Contract Work Invoice #6565,freelance,1855.72,,True,
Train Ticket ride via Mastercard,transportation,33.19,Shell,,True
$44 Electronics Walmart,shopping,481.95,Target,,True
Public transportation,transportation,25.26,Metro Transit,True,
Bank Transfer $114,entertainment,42.09,Netflix,,True
Taxi service $153,transportation,28.8,Train Ticket,,True
$11 Purchase,entertainment,65.37,Disney+,,True
Purchase via Google Pay,entertainment,85.38,Concert,,True
Parking fee via Mastercard,transportation,27.47,Gas Station,,True
Coffee at Chipotle $194,dining,42.03,Wendy's,,True
at Gas at Train Ticket,transportation,56.85,Bus Ticket,,True
Lunch At Starbucks,dining,48.5,Chipotle,,True
$79 Direct Deposit Salary,salary,5537.72,,,True
$157 Freelance Payment,freelance,1841.38,,,True
payment to Groceries at Whole Foods,groceries,102.84,Target,,True
Bank Transfer,entertainment,56.87,YouTube Premium,True,
Contract Work Invoice #1185,freelance,2571.65,,True,
Bank Transfer $55,entertainment,15.83,Concert,,True
Payment For Services,subscriptions,14.52,,,True
Electronics Best Buy,shopping,15.0,Kohl's,True,
Taxi service $56,transportation,70.42,Uber,,True
$118 Produce purchase,groceries,69.44,Whole Foods,,True
Oct Coffee at Wendy's,dining,13.44,Taco Bell,,True
Groceries at Whole Foods purchase,groceries,102.84,Target,,True
walmart order,shopping,145.81,Gap,,True
Fast food $17,dining,15.51,Chipotle,,True
$26 Consulting Services,freelance,508.07,,,True
Lunch at Taco Bell $34,dining,54.1,Panera Bread,,True
Contract Work Invoice #5482,freelance,1493.72,,True,
$143 Coffee at Applebees,dining,56.65,Domino's,,True
payment to Home Depot order,shopping,15.0,Amazon,,True
May Weekly groceries,groceries,112.11,Kroger,,True
FOOD SHOPPING,groceries,153.9,Target,,True
Jul Electronics Amazon,shopping,327.96,Lowe's,,True
Contract Work Invoice #5573,freelance,100.0,,True,
Lunch at Taco Bell purchase,dining,52.23,Panera Bread,,True
Gas At Bp,transportation,72.04,Shell,,True
at Old Navy shopping,shopping,15.0,Nordstrom,,True
Supermarket purchase,groceries,68.12,Publix,True,
at Gas at Mobil,transportation,46.51,BP,,True
RESTAURANT MEAL,dining,5.0,Starbucks,,True
at Lunch at Starbucks,dining,48.5,Chipotle,,True
payment to Electronics Home Depot,shopping,174.94,Lowe's,,True
Gas at Bus Ticket,transportation,30.94,BP,True,
train ticket ride,transportation,33.19,Shell,,True
payment to Coffee at McDonald's,dining,40.42,Applebees,,True
contract work invoice #6963,freelance,241.86,,,True
Macy's order via PayPal,shopping,115.64,Walmart,,True
$137 Housing Transaction,housing,1612.58,Property Tax,,True
Contract Work Invoice #3774,freelance,100.0,,True,
Jan Clothing purchase,shopping,15.0,Lowe's,,True
lunch at burger king,dining,43.08,Wendy's,,True
Kroger grocery,groceries,130.12,Costco,True,
Nov Payment for services,entertainment,17.96,YouTube Premium,,True
$140 Groceries at Kroger,groceries,104.17,Whole Foods,,True
Contract Work Invoice #9472,freelance,100.0,,True,
Supermarket purchase via Google Pay,groceries,78.45,Whole Foods,,True
safeway grocery,groceries,110.09,Food Lion,,True
Housing Transaction,housing,831.48,Rent Payment,True,
chipotle,dining,5.0,Wendy's,,True
$191 Supermarket purchase,groceries,186.51,Target,,True
$184 Parking fee,transportation,10.0,Lyft,,True
Online purchase Kohl's via Mastercard,shopping,29.29,eBay,,True
online purchase home depot,shopping,103.2,Best Buy,,True
Sep Bank Transfer,housing,1506.63,Property Tax,,True
Contract Work Invoice #6963 $146,freelance,241.86,,,True
payment to Uber ride,transportation,14.83,Train Ticket,,True
Taxi service $134,transportation,48.05,Shell,,True
$157 Purchase,utilities,126.52,Cable TV,,True
HOUSING TRANSACTION,housing,1089.63,Property Tax,,True
Dinner at Dunkin',dining,24.78,Starbucks,True,
Jun Supermarket purchase,groceries,198.36,Meijer,,True
Coffee at Dunkin' via Apple Pay,dining,42.6,Pizza Hut,,True
payment to eBay order,shopping,200.55,Kohl's,,True
SUBWAY,dining,25.97,Chick-fil-A,,True
GAS AT METRO TRANSIT,transportation,23.82,BP,,True
payment to Gas Station ride,transportation,20.69,Exxon,,True
Nov Bank Transfer,housing,928.2,Rent Payment,,True
Oct Walmart order,shopping,15.0,Nordstrom,,True
Mobil Ride,transportation,33.38,Mobil,,True
Paycheck from Tech Corp $78,salary,3532.74,,,True
Payment for services Oct,utilities,30.0,Sewer Bill,,True
Public transportation $168,transportation,41.28,Bus Ticket,,True
Jun Public transportation,transportation,54.77,Mobil,,True
Contract Work Invoice #1491 $9,freelance,2660.79,,,True
payment to Coffee at Dunkin',dining,42.6,Pizza Hut,,True
Produce purchase $119,groceries,108.69,Costco,,True
at Aldi grocery,groceries,196.37,Walmart,,True
contract work invoice #9361,freelance,100.0,,,True
Best Buy order,shopping,170.73,eBay,True,
Restaurant meal Sep,dining,28.5,Chick-fil-A,,True
$121 Paycheck from Acme Inc,salary,3391.99,,,True
Payment for services,healthcare,139.67,Dentist,True,
Chick-fil-A $15,dining,15.97,Burger King,,True
groceries at kroger,groceries,105.71,Food Lion,,True
Dunkin' purchase,dining,20.27,Domino's,,True
$61 Monthly Salary Deposit,salary,2085.56,,,True
Mar Payment for services,utilities,196.79,Electric Company,,True
Subscriptions Transaction $165,subscriptions,26.18,,,True
Nordstrom Order,shopping,24.42,Nordstrom,,True
Food shopping via Visa,groceries,91.04,Walmart,,True
Weekly groceries,groceries,87.85,Walmart,True,
Lunch at McDonald's Mar,dining,28.12,Pizza Hut,,True
payment to Gas at Train Ticket,transportation,56.85,Bus Ticket,,True
electronics ebay,shopping,15.0,Macy's,,True
Contract Work Invoice #4991,freelance,1471.78,,True,
$146 Chick-fil-A,dining,20.68,Domino's,,True
Electronics Kohl's,shopping,15.0,Gap,True,
Mar Old Navy shopping,shopping,94.93,Kohl's,,True
electronics old navy,shopping,44.86,Old Navy,,True
payment to Whole Foods grocery,groceries,30.1,Meijer,,True
contract work invoice #2275,freelance,485.24,,,True
$84 Utilities Transaction,utilities,196.15,Water Bill,,True
Payment for services $118,healthcare,277.7,Optometrist,,True
Lunch At Domino'S,dining,17.26,McDonald's,,True
Paycheck from Acme Inc Jun,salary,7094.1,,,True
ONLINE PURCHASE KOHL'S,shopping,29.29,eBay,,True
Jan Payment for services,healthcare,45.3,Prescription,,True
contract work invoice #6696,freelance,100.0,,,True
Purchase via PayPal,healthcare,63.26,Hospital,,True
Taxi service via Mastercard,transportation,10.0,Shell,,True
Groceries at Kroger,groceries,122.62,Meijer,True,
$37 Purchase,subscriptions,8.36,,,True
Contract Work Invoice #6104,freelance,100.0,,True,
$169 Bank Transfer,subscriptions,14.47,,,True
payment to Starbucks,dining,5.0,Starbucks,,True
$106 Bank Transfer,utilities,203.29,Trash Service,,True
Food shopping via Google Pay,groceries,146.21,Aldi,,True
$190 Lunch at Olive Garden,dining,23.67,Domino's,,True
Macy'S Order,shopping,115.64,Walmart,,True
Bank Transfer $22,subscriptions,23.94,,,True
bank transfer,utilities,30.0,Water Bill,,True
ELECTRONICS WALMART,shopping,481.95,Target,,True
Contract Work Invoice #3200,freelance,1665.41,,,True
Sep Purchase,housing,1956.2,Rent Payment,,True
Online purchase Lowe's purchase,shopping,42.87,Amazon,,True
Food shopping $111,groceries,102.93,Target,,True
Purchase via PayPal,utilities,30.0,Electric Company,,True
supermarket purchase,groceries,78.45,Whole Foods,,True
kohl's shopping,shopping,125.5,Walmart,,True
$13 Weekly groceries,groceries,51.23,Giant,,True
Gas At Metro Transit,transportation,23.82,BP,,True
Dinner at Burger King purchase,dining,35.94,Starbucks,,True
subway,dining,25.97,Chick-fil-A,,True
COFFEE AT WENDY'S,dining,35.61,Burger King,,True
Coffee at Wendy's via Google Pay,dining,20.52,Starbucks,,True
at Starbucks,dining,5.0,Starbucks,,True
Home goods Nov,shopping,90.48,Target,,True
ELECTRONICS OLD NAVY,shopping,44.86,Old Navy,,True
Produce purchase via PayPal,groceries,57.85,Target,,True
CAR MAINTENANCE,transportation,73.62,Metro Transit,,True
Bank Transfer via Apple Pay,utilities,96.51,Sewer Bill,,True
Payment For Services,housing,1676.64,Property Tax,,True
$138 Clothing purchase,shopping,15.0,Macy's,,True
Electronics Lowe's purchase,shopping,90.93,Best Buy,,True
Contract Work Invoice #3697,freelance,100.0,,True,
food shopping,groceries,153.9,Target,,True
payment to Gas at Gas Station,transportation,11.4,Gas Station,,True
LUNCH AT TACO BELL,dining,52.23,Panera Bread,,True
Contract Work Invoice #4312,freelance,190.46,,True,
$82 Produce purchase,groceries,20.0,Walmart,,True
Dinner at Pizza Hut,dining,22.53,Wendy's,True,
Payment for services via PayPal,entertainment,53.59,Movie Theater,,True
$79 Purchase,healthcare,60.75,Optometrist,,True
$52 Applebees,dining,17.31,Panera Bread,,True
Lunch At Chick-Fil-A,dining,35.43,Wendy's,,True
Gas at Gas Station $188,transportation,11.4,Gas Station,,True
MEIJER GROCERY,groceries,131.05,Walmart,,True
Contract Work Invoice #7391 Jul,freelance,100.0,,,True
payment to Dinner at Wendy's,dining,33.36,Chick-fil-A,,True
Train Ticket ride Jul,transportation,33.19,Shell,,True
Direct Deposit Salary Nov,salary,6078.32,,,True
Paycheck from Innovation Co May,salary,7883.45,,,True
Entertainment Transaction via PayPal,entertainment,48.24,Disney+,,True
Jan Walmart grocery,groceries,64.05,Food Lion,,True
Gas at Train Ticket purchase,transportation,56.85,Bus Ticket,,True
$190 Restaurant meal,dining,5.0,Burger King,,True
Lunch at Applebees purchase,dining,21.53,Pizza Hut,,True
Lunch at Panera Bread,dining,26.89,Pizza Hut,True,
Payment for services $60,entertainment,30.18,Sports Game,,True
Groceries At Publix,groceries,31.17,Safeway,,True
Target Grocery,groceries,127.59,Target,,True
CONTRACT WORK INVOICE #4338,freelance,1727.35,,,True
Bank Transfer $164,housing,2007.38,Home Insurance,,True
Meijer grocery purchase,groceries,131.05,Walmart,,True
Kroger Grocery,groceries,53.19,Safeway,,True
Dinner at Burger King $177,dining,35.94,Starbucks,,True
Best Buy shopping purchase,shopping,15.0,Lowe's,,True
Publix grocery,groceries,60.87,Kroger,True,
ELECTRONICS BEST BUY,shopping,15.0,Target,,True
Bank Transfer $184,entertainment,38.95,Bowling,,True
Purchase Mar,subscriptions,5.0,,,True
Sep Paycheck from Acme Inc,salary,3143.42,,,True
Clothing purchase via Apple Pay,shopping,15.0,Nordstrom,,True
Lunch at McDonald's via Google Pay,dining,28.12,Pizza Hut,,True
Home goods Feb,shopping,75.92,Target,,True
eBay order,shopping,115.85,Gap,True,
Chipotle,dining,8.56,Domino's,True,
contract work invoice #7391,freelance,100.0,,,True
Contract Work Invoice #2068,freelance,1462.41,,True,
Contract Work Invoice #2408,freelance,1053.94,,True,
Nov Food shopping,groceries,80.73,Safeway,,True
Online purchase Kohl's purchase,shopping,29.29,eBay,,True
Entertainment Transaction $78,entertainment,120.58,HBO Max,,True
Meijer grocery via PayPal,groceries,131.05,Walmart,,True
Contract Work Invoice #3042,freelance,135.59,,True,
$90 Clothing purchase,shopping,104.08,Amazon,,True
Taxi service $175,transportation,19.4,Train Ticket,,True
Gas Station ride,transportation,33.78,BP,True,
Groceries at Safeway,groceries,116.57,Safeway,True,
Restaurant meal via PayPal,dining,67.93,Burger King,,True
Bank Transfer $134,utilities,174.72,Electric Company,,True
PAYCHECK FROM ACME INC,salary,4220.01,,,True
$168 Purchase,housing,2596.12,Property Tax,,True
Best Buy shopping $179,shopping,15.0,Lowe's,,True
MACY'S ORDER,shopping,115.64,Walmart,,True
$111 Food shopping,groceries,102.93,Target,,True
payment to Coffee at Pizza Hut,dining,34.43,Dunkin',,True
at Groceries at Target,groceries,43.6,Aldi,,True
at BP ride,transportation,20.59,Uber,,True
groceries at food lion,groceries,78.13,Walmart,,True
Aug Monthly Salary Deposit,salary,2000.0,,,True
Feb Coffee at Starbucks,dining,11.16,Domino's,,True
HOME DEPOT SHOPPING,shopping,190.35,Old Navy,,True
Contract Work Invoice #9039,freelance,1636.86,,True,
Utilities Transaction via Google Pay,utilities,111.1,Gas Company,,True
Home goods,shopping,108.64,Home Depot,True,
$145 Contract Work Invoice #4599,freelance,303.35,,,True
Contract Work Invoice #4987,freelance,759.35,,True,
OLD NAVY ORDER,shopping,15.0,Kohl's,,True
$185 Utilities Transaction,utilities,144.35,Phone Bill,,True
Purchase via Visa,subscriptions,19.05,,,True
Payment for services $146,healthcare,208.36,Medical Supplies,,True
Clothing purchase Jan,shopping,15.0,Lowe's,,True
LUNCH AT CHIPOTLE,dining,44.29,McDonald's,,True
Groceries at Whole Foods,groceries,51.33,Meijer,True,
Gas At Train Ticket,transportation,56.85,Bus Ticket,,True
Old Navy order,shopping,15.0,eBay,True,
$173 Car maintenance,transportation,50.53,Train Ticket,,True
payment to Online purchase Macy's,shopping,108.05,Home Depot,,True
$176 Monthly Salary Deposit,salary,2000.0,,,True
Online purchase Home Depot purchase,shopping,103.2,Best Buy,,True
at Gas at Gas Station,transportation,11.4,Gas Station,,True
Jan Lunch at Domino's,dining,17.26,McDonald's,,True
at Exxon ride,transportation,15.39,Gas Station,,True
$32 Lyft ride,transportation,43.33,Lyft,,True
at Dinner at Starbucks,dining,5.0,Dunkin',,True
WALMART SHOPPING,shopping,271.46,Old Navy,,True
Coffee at Panera Bread,dining,20.08,Panera Bread,True,
Best Buy Order,shopping,15.0,Macy's,,True
payment to Lunch at Starbucks,dining,48.5,Chipotle,,True
Contract Work Invoice #6548,freelance,188.05,,True,
Paycheck from Global Solutions Nov,salary,6752.29,,,True
Jul Purchase,subscriptions,28.92,,,True
$47 Utilities Transaction,utilities,30.0,Electric Company,,True
Feb Home goods,shopping,75.92,Target,,True
Bank Transfer via Visa,utilities,121.6,Internet Service,,True
Coffee At Burger King,dining,24.3,Subway,,True
$10 Bank Transfer,healthcare,213.68,Health Insurance,,True
Contract Work Invoice #7801,freelance,100.0,,True,
Groceries at Publix purchase,groceries,31.17,Safeway,,True
Taxi service Nov,transportation,28.8,Train Ticket,,True
Home Depot Order,shopping,15.0,Amazon,,True
at Online purchase eBay,shopping,15.0,Macy's,,True
Consulting Services $133,freelance,449.64,,,True
Fast food $132,dining,30.69,McDonald's,,True
Sep Lunch at Starbucks,dining,45.97,Dunkin',,True
Freelance Payment $80,freelance,100.0,,,True
contract work invoice #5373,freelance,938.6,,,True
Coffee at Wendy's via Visa,dining,25.37,Subway,,True
GROCERIES AT WHOLE FOODS,groceries,102.84,Target,,True
$83 Subscriptions Transaction,subscriptions,30.98,,,True
at Lunch at Applebees,dining,21.53,Pizza Hut,,True
GROCERIES AT COSTCO,groceries,53.38,Trader Joe's,,True
WENDY'S,dining,21.26,Pizza Hut,,True
Mobil ride,transportation,49.31,Uber,True,
at Online purchase Home Depot,shopping,103.2,Best Buy,,True
Car maintenance via Visa,transportation,16.61,Gas Station,,True
GAS AT SHELL,transportation,44.1,Shell,,True
payment to Dinner at Chick-fil-A,dining,16.14,Dunkin',,True
Car maintenance $146,transportation,61.48,Metro Transit,,True
$28 Bank Transfer,healthcare,70.37,Medical Supplies,,True
coffee at panera bread,dining,32.48,Taco Bell,,True
Contract Work Invoice #5184,freelance,100.0,,True,
Gas at Gas Station via PayPal,transportation,79.8,Gas Station,,True
$146 Starbucks,dining,10.91,Chick-fil-A,,True
$47 Public transportation,transportation,19.59,Metro Transit,,True
Jan Bank Transfer,healthcare,213.68,Health Insurance,,True
BP ride purchase,transportation,20.59,Uber,,True
payment to Lunch at Chick-fil-A,dining,35.43,Wendy's,,True
kroger grocery,groceries,53.19,Safeway,,True
at Best Buy shopping,shopping,15.0,Lowe's,,True
$146 Payment for services,healthcare,208.36,Medical Supplies,,True
$102 Consulting Services,freelance,766.05,,,True
LUNCH AT CHICK-FIL-A,dining,35.43,Wendy's,,True
$40 Freelance Payment,freelance,2893.19,,,True
payment to Target grocery,groceries,127.59,Target,,True
PUBLIC TRANSPORTATION,transportation,54.77,Mobil,,True
Bank Transfer $91,housing,2312.76,Home Insurance,,True
MOBIL RIDE,transportation,33.38,Mobil,,True
$151 Supermarket purchase,groceries,66.27,Walmart,,True
$89 Paycheck from Tech Corp,salary,2669.24,,,True
applebees,dining,31.4,Wendy's,,True
at Food Lion grocery,groceries,47.79,Safeway,,True
Restaurant meal $96,dining,16.56,Starbucks,,True
Lunch at Starbucks via Apple Pay,dining,16.93,Wendy's,,True
Payment for services via Google Pay,entertainment,10.0,Bowling,,True
Consulting Services $30,freelance,100.0,,,True
Online purchase Best Buy purchase,shopping,37.09,Kohl's,,True
Purchase via Visa,housing,1549.27,Property Tax,,True
Electronics Lowe's,shopping,196.79,Walmart,True,
$24 Weekly groceries,groceries,134.23,Trader Joe's,,True
$158 Contract Work Invoice #5353,freelance,168.35,,,True
$137 Contract Work Invoice #2121,freelance,701.97,,,True
Produce purchase Oct,groceries,122.24,Kroger,,True
at Nordstrom shopping,shopping,196.13,Best Buy,,True
Direct Deposit Salary via Apple Pay,salary,2000.0,,,True
at Coffee at Wendy's,dining,35.61,Burger King,,True
Monthly Salary Deposit May,salary,4905.03,,,True
Paycheck from Innovation Co,salary,5150.05,,True,
Jan Produce purchase,groceries,35.6,Meijer,,True
Contract Work Invoice #4599 via Visa,freelance,303.35,,,True
Dinner At Applebees,dining,18.99,Subway,,True
Lunch at Wendy's,dining,16.4,Wendy's,True,
CONTRACT WORK INVOICE #6595,freelance,223.59,,,True
Paycheck from Acme Inc via PayPal,salary,3143.42,,,True
$133 Consulting Services,freelance,449.64,,,True
payment to Dinner at Pizza Hut,dining,37.6,Panera Bread,,True
Dinner at Pizza Hut via Google Pay,dining,6.96,Domino's,,True
Subscriptions Transaction Mar,subscriptions,5.0,,,True
Purchase via Google Pay,subscriptions,21.48,,,True
at Groceries at Kroger,groceries,105.71,Food Lion,,True
eBay order via Apple Pay,shopping,200.55,Kohl's,,True
Contract Work Invoice #5896,freelance,1011.56,,True,
$80 Freelance Payment,freelance,100.0,,,True
LUNCH AT BURGER KING,dining,43.08,Wendy's,,True
purchase,utilities,93.96,Cable TV,,True
eBay shopping purchase,shopping,15.0,Walmart,,True
PURCHASE,subscriptions,21.48,,,True
Best Buy order $179,shopping,15.0,Macy's,,True
at Mobil ride,transportation,33.38,Mobil,,True
payment to Electronics Lowe's,shopping,90.93,Best Buy,,True
Jun Purchase,housing,1589.27,Rent Payment,,True
at Groceries at Giant,groceries,107.66,Publix,,True
Walmart grocery via Google Pay,groceries,89.68,Whole Foods,,True
Bank Transfer Sep,subscriptions,14.47,,,True
at Bus Ticket ride,transportation,39.82,Exxon,,True
Contract Work Invoice #9798,freelance,1613.61,,,True
Coffee at Wendy's purchase,dining,35.61,Burger King,,True
Contract Work Invoice #1150,freelance,1683.32,,True,
payment to Lunch at Panera Bread,dining,11.1,Olive Garden,,True
Bank Transfer,housing,1220.83,Apartment,True,
Electronics Home Depot via Mastercard,shopping,174.94,Lowe's,,True
Bus Ticket Ride,transportation,39.82,Exxon,,True
ELECTRONICS EBAY,shopping,15.0,Macy's,,True
TAXI SERVICE,transportation,43.1,Gas Station,,True
Coffee at Burger King purchase,dining,24.3,Subway,,True
Gas at Bus Ticket $174,transportation,38.63,Shell,,True
Groceries at Giant $101,groceries,107.66,Publix,,True
$103 Restaurant meal,dining,32.98,Burger King,,True
at Gap order,shopping,15.0,Target,,True
dinner at applebees,dining,18.99,Subway,,True
Fast food $88,dining,5.86,Dunkin',,True
Contract Work Invoice #8794,freelance,2327.13,,True,
Bank Transfer Apr,utilities,121.6,Internet Service,,True
Purchase $157,utilities,126.52,Cable TV,,True
Dinner At Wendy'S,dining,33.36,Chick-fil-A,,True
Payment for services via Mastercard,subscriptions,5.0,,,True
Monthly Salary Deposit Mar,salary,2000.0,,,True
payment to Lunch at Pizza Hut,dining,28.96,McDonald's,,True
at Chick-fil-A,dining,22.32,McDonald's,,True
Lunch at Applebees Jul,dining,5.0,Subway,,True
Monthly Salary Deposit Apr,salary,6638.32,,,True
$150 Lunch at Applebees,dining,5.0,Applebees,,True
Purchase $133,utilities,130.15,Cable TV,,True
payment to Macy's order,shopping,115.64,Walmart,,True
Lunch at Taco Bell $25,dining,10.78,Domino's,,True
$146 Car maintenance,transportation,61.48,Metro Transit,,True
KOHL'S ORDER,shopping,204.99,Walmart,,True
Electronics Ebay,shopping,15.0,Macy's,,True
nordstrom shopping,shopping,196.13,Best Buy,,True
Jan Weekly groceries,groceries,34.93,Giant,,True
SUPERMARKET PURCHASE,groceries,78.45,Whole Foods,,True
Contract Work Invoice #5462,freelance,1834.77,,True,
home goods,shopping,235.78,Macy's,,True
TARGET SHOPPING,shopping,76.61,Nordstrom,,True
Car maintenance $173,transportation,50.53,Train Ticket,,True
coffee at applebees,dining,56.65,Domino's,,True
Paycheck from Tech Corp $172,salary,4636.91,,,True
$157 Payment for services,utilities,78.91,Phone Bill,,True
Bank Transfer $156,entertainment,43.21,Netflix,,True
payment to Coffee at Applebees,dining,56.65,Domino's,,True
Lunch at Olive Garden via Mastercard,dining,23.67,Domino's,,True
gas at uber,transportation,40.44,Mobil,,True
Direct Deposit Salary $177,salary,2000.0,,,True
$48 Groceries at Food Lion,groceries,115.94,Target,,True
old navy shopping,shopping,15.0,Nordstrom,,True
Purchase $100,subscriptions,11.37,,,True
$13 Bus Ticket ride,transportation,45.27,Train Ticket,,True
Contract Work Invoice #7957,freelance,887.67,,True,
Contract Work Invoice #6944,freelance,1399.07,,True,
payment to Taco Bell,dining,19.34,Applebees,,True
PANERA BREAD,dining,5.0,Dunkin',,True
Home Goods,shopping,235.78,Macy's,,True
Paycheck from Innovation Co $7,salary,7996.93,,,True
Contract Work Invoice #5787,freelance,221.08,,,True
Contract Work Invoice #5440,freelance,100.0,,True,
Contract Work Invoice #8504,freelance,1063.42,,True,
CONTRACT WORK INVOICE #7647,freelance,562.41,,,True
payment to Lunch at Subway,dining,72.16,Burger King,,True
Contract Work Invoice #7719,freelance,100.0,,True,
Nov eBay shopping,shopping,275.14,Gap,,True
online purchase best buy,shopping,37.09,Kohl's,,True
PRODUCE PURCHASE,groceries,61.88,Aldi,,True
Contract Work Invoice #2121,freelance,701.97,,,True
ebay order,shopping,200.55,Kohl's,,True
$191 Car maintenance,transportation,56.02,Lyft,,True
lunch at subway,dining,72.16,Burger King,,True
Taxi service via PayPal,transportation,15.39,Train Ticket,,True
Coffee at Chipotle,dining,36.15,Starbucks,True,
at Coffee at Starbucks,dining,11.16,Domino's,,True
Bank Transfer $106,utilities,203.29,Trash Service,,True
at Macy's order,shopping,115.64,Walmart,,True
direct deposit salary,salary,5685.03,,,True
contract work invoice #5100,freelance,100.0,,,True
Jan Purchase,entertainment,52.62,HBO Max,,True
Lunch at Starbucks purchase,dining,48.5,Chipotle,,True
Produce purchase $144,groceries,61.88,Aldi,,True
Weekly groceries $96,groceries,40.91,Giant,,True
Payment for services via PayPal,utilities,63.28,Cable TV,,True
COFFEE AT PANERA BREAD,dining,32.48,Taco Bell,,True
Purchase,subscriptions,25.84,,True,
Gap shopping purchase,shopping,15.0,Best Buy,,True
Contract Work Invoice #8983,freelance,100.0,,True,
$108 Public transportation,transportation,66.55,Lyft,,True
Gas at Uber purchase,transportation,40.44,Mobil,,True
Dec Monthly Salary Deposit,salary,2957.36,,,True
Dec Contract Work Invoice #6963,freelance,241.86,,,True
Groceries at Trader Joe's via Visa,groceries,75.29,Walmart,,True
Giant grocery purchase,groceries,81.55,Food Lion,,True
$164 Bank Transfer,housing,2007.38,Home Insurance,,True
Purchase via Apple Pay,healthcare,57.16,Prescription,,True
$35 Direct Deposit Salary,salary,2215.54,,,True
Contract Work Invoice #1944,freelance,100.0,,True,
KOHL'S SHOPPING,shopping,125.5,Walmart,,True
$22 Lunch at Chick-fil-A,dining,5.0,Chipotle,,True
Contract Work Invoice #8653,freelance,376.74,,True,
TRADER JOE'S GROCERY,groceries,105.95,Walmart,,True
Contract Work Invoice #1040 via Mastercard,freelance,100.0,,,True
Gas At Bus Ticket,transportation,38.63,Shell,,True
$177 Payment for services,subscriptions,5.0,,,True
Taxi service Feb,transportation,43.1,Gas Station,,True
Electronics Home Depot,shopping,109.37,Old Navy,True,
Payment For Services,healthcare,208.36,Medical Supplies,,True
$171 Purchase,healthcare,166.16,Pharmacy,,True
at Coffee at Pizza Hut,dining,34.43,Dunkin',,True
at Chipotle,dining,5.0,Wendy's,,True
Contract Work Invoice #3848,freelance,2171.84,,True,
Electronics Amazon purchase,shopping,327.96,Lowe's,,True
Sep Bank Transfer,subscriptions,14.47,,,True
produce purchase,groceries,61.88,Aldi,,True
Amazon order purchase,shopping,86.3,Best Buy,,True
EBAY SHOPPING,shopping,275.14,Gap,,True
Groceries At Kroger,groceries,105.71,Food Lion,,True
Purchase Feb,subscriptions,32.02,,,True
$197 Entertainment Transaction,entertainment,20.78,YouTube Premium,,True
$19 Payment for services,entertainment,10.0,YouTube Premium,,True
payment to Online purchase Best Buy,shopping,37.09,Kohl's,,True
Contract Work Invoice #7220,freelance,2463.2,,True,
Coffee at Taco Bell via PayPal,dining,30.27,Pizza Hut,,True
target grocery,groceries,127.59,Target,,True
Jun Purchase,utilities,67.6,Trash Service,,True
Uber ride,transportation,41.49,Mobil,True,
Purchase Sep,healthcare,63.26,Hospital,,True
Purchase $174,subscriptions,27.53,,,True
Gap shopping via Mastercard,shopping,15.0,Best Buy,,True
Applebees via PayPal,dining,14.25,Domino's,,True
Jul Clothing purchase,shopping,108.86,Old Navy,,True
$164 Coffee at Dunkin',dining,59.88,Pizza Hut,,True
$10 Amazon order,shopping,86.3,Best Buy,,True
CONTRACT WORK INVOICE #4599,freelance,303.35,,,True
Oct Online purchase Lowe's,shopping,42.87,Amazon,,True
Best Buy order via Apple Pay,shopping,80.46,Target,,True
Old Navy Shopping,shopping,15.0,Nordstrom,,True
at Gap shopping,shopping,15.0,Best Buy,,True
Lunch At Subway,dining,72.16,Burger King,,True
contract work invoice #7647,freelance,562.41,,,True
Contract Work Invoice #5373,freelance,938.6,,,True
Mar Monthly Salary Deposit,salary,2000.0,,,True
Online Purchase Home Depot,shopping,103.2,Best Buy,,True
Contract Work Invoice #8056,freelance,1199.12,,True,
AMAZON ORDER,shopping,86.3,Best Buy,,True
Aug Clothing purchase,shopping,100.01,Macy's,,True
Feb Car maintenance,transportation,45.15,Uber,,True
Taxi service $39,transportation,28.04,Mobil,,True
PURCHASE,healthcare,63.26,Hospital,,True
payment to Chipotle,dining,5.0,Wendy's,,True
COFFEE AT MCDONALD'S,dining,40.42,Applebees,,True
GAS AT UBER,transportation,40.44,Mobil,,True
contract work invoice #4226,freelance,534.03,,,True
Oct Produce purchase,groceries,122.24,Kroger,,True
Purchase $58,healthcare,20.0,Pharmacy,,True
Contract Work Invoice #8644,freelance,2045.58,,True,
payment to Applebees,dining,31.4,Wendy's,,True
DINNER AT BURGER KING,dining,35.94,Starbucks,,True
Purchase via Visa,entertainment,52.62,HBO Max,,True
Home Depot shopping purchase,shopping,190.35,Old Navy,,True
Supermarket purchase $71,groceries,81.51,Walmart,,True
Purchase via Mastercard,housing,1589.27,Rent Payment,,True
$158 Payment for services,housing,645.11,Mortgage,,True
Oct Exxon ride,transportation,15.39,Gas Station,,True
$79 Electronics eBay,shopping,15.0,Macy's,,True
Dinner at Applebees,dining,24.49,Panera Bread,True,
Lunch at Starbucks $101,dining,48.5,Chipotle,,True
bank transfer,entertainment,42.8,Netflix,,True
Produce purchase Jan,groceries,35.6,Meijer,,True
Entertainment Transaction,entertainment,10.0,YouTube Premium,True,
Housing Transaction via Mastercard,housing,1557.89,Home Insurance,,True
dinner at dunkin',dining,27.97,Burger King,,True
Contract Work Invoice #8940,freelance,100.0,,True,
Oct Payment for services,subscriptions,18.95,,,True
Contract Work Invoice #1381,freelance,1376.02,,,True
payment to Dinner at Taco Bell,dining,53.26,Domino's,,True
Old Navy order purchase,shopping,15.0,Kohl's,,True
Clothing purchase Jul,shopping,108.86,Old Navy,,True
payment to Dinner at Starbucks,dining,5.0,Dunkin',,True
Groceries at Trader Joe's via PayPal,groceries,182.94,Costco,,True
at Subway,dining,25.97,Chick-fil-A,,True
Contract Work Invoice #3817,freelance,657.01,,True,
Target shopping purchase,shopping,76.61,Nordstrom,,True
food lion grocery,groceries,47.79,Safeway,,True
Jul Supermarket purchase,groceries,119.38,Trader Joe's,,True
Payment for services Mar,utilities,196.79,Electric Company,,True
Contract Work Invoice #1040,freelance,100.0,,,True
$52 Bank Transfer,healthcare,20.0,Hospital,,True
Coffee at Chick-fil-A,dining,26.45,Starbucks,True,
Supermarket purchase $191,groceries,186.51,Target,,True
Contract Work Invoice #2601,freelance,100.0,,True,
Contract Work Invoice #6696,freelance,100.0,,,True
Exxon ride Dec,transportation,42.68,Bus Ticket,,True
at Electronics Amazon,shopping,327.96,Lowe's,,True
Bank Transfer $30,utilities,118.48,Cable TV,,True
GROCERIES AT MEIJER,groceries,137.65,Publix,,True
Walmart Order,shopping,145.81,Gap,,True
Contract Work Invoice #7867,freelance,918.69,,True,
gap order,shopping,15.0,Target,,True
$19 Coffee at Applebees,dining,37.13,Burger King,,True
$189 Direct Deposit Salary,salary,5414.84,,,True
$66 Monthly Salary Deposit,salary,6226.12,,,True
Mar Lunch at McDonald's,dining,28.12,Pizza Hut,,True
$58 Purchase,healthcare,20.0,Pharmacy,,True
Produce purchase Jun,groceries,105.89,Publix,,True
Payment for services $74,healthcare,45.3,Prescription,,True
DINNER AT WENDY'S,dining,33.36,Chick-fil-A,,True
Trader Joe's grocery purchase,groceries,105.95,Walmart,,True
LUNCH AT APPLEBEES,dining,21.53,Pizza Hut,,True
Home goods $101,shopping,209.92,Best Buy,,True
payment to Gap shopping,shopping,15.0,Best Buy,,True
gas at shell,transportation,44.1,Shell,,True
Direct Deposit Salary Aug,salary,8442.4,,,True
$101 Contract Work Invoice #5100,freelance,100.0,,,True
Walmart grocery purchase,groceries,89.68,Whole Foods,,True
Bank Transfer Nov,subscriptions,17.16,,,True
$130 Target shopping,shopping,15.0,Target,,True
Monthly Salary Deposit $61,salary,2085.56,,,True
Lunch at Chipotle via PayPal,dining,44.29,McDonald's,,True
Whole Foods grocery via Apple Pay,groceries,30.1,Meijer,,True
Trader Joe's grocery via Visa,groceries,123.79,Publix,,True
Bank Transfer $33,utilities,112.17,Gas Company,,True
Gas at Metro Transit,transportation,57.39,Gas Station,True,
Contract Work Invoice #5570,freelance,100.0,,True,
Lunch At Wendy'S,dining,14.78,Subway,,True
Contract Work Invoice #3186,freelance,1047.97,,True,
HOME DEPOT ORDER,shopping,15.0,Amazon,,True
Food shopping $61,groceries,21.41,Target,,True
Dinner at Starbucks purchase,dining,5.0,Dunkin',,True
$20 Restaurant meal,dining,28.38,Panera Bread,,True
Parking Fee,transportation,27.47,Gas Station,,True
Home Depot Shopping,shopping,190.35,Old Navy,,True
Gas at Gas Station Feb,transportation,37.33,Parking,,True
online purchase old navy,shopping,15.0,Nordstrom,,True
Electronics Macy's,shopping,207.27,Best Buy,True,
Public transportation $170,transportation,34.21,Lyft,,True
Utilities Transaction via PayPal,utilities,196.15,Water Bill,,True
Jun Restaurant meal,dining,5.0,Pizza Hut,,True
payment to Gas at Metro Transit,transportation,23.82,BP,,True
Bank Transfer,healthcare,119.15,Health Insurance,True,
Monthly Salary Deposit via Apple Pay,salary,7408.81,,,True
DINNER AT CHICK-FIL-A,dining,16.14,Dunkin',,True
Dinner At Starbucks,dining,5.0,Dunkin',,True
$108 Monthly Salary Deposit,salary,6866.52,,,True
SUBSCRIPTIONS TRANSACTION,subscriptions,22.81,,,True
ONLINE PURCHASE BEST BUY,shopping,37.09,Kohl's,,True
Subscriptions Transaction $52,subscriptions,27.07,,,True
freelance payment,freelance,2148.56,,,True
Payment for services $158,housing,645.11,Mortgage,,True
Food shopping $71,groceries,38.76,Publix,,True
Lowe's order,shopping,15.0,Kohl's,True,
Bank Transfer $119,utilities,166.31,Sewer Bill,,True
Direct Deposit Salary $124,salary,5966.92,,,True
Subscriptions Transaction via Mastercard,subscriptions,31.61,,,True
Contract Work Invoice #9514,freelance,1505.69,,True,
Lyft Ride,transportation,19.45,Gas Station,,True
$34 Lunch at Taco Bell,dining,54.1,Panera Bread,,True
$157 Home goods,shopping,118.74,Kohl's,,True
Monthly Salary Deposit Dec,salary,2957.36,,,True
restaurant meal,dining,5.0,Starbucks,,True
payment to Groceries at Publix,groceries,31.17,Safeway,,True
Bank Transfer Jun,utilities,126.82,Electric Company,,True
PAYMENT FOR SERVICES,housing,1676.64,Property Tax,,True
UTILITIES TRANSACTION,utilities,286.07,Internet Service,,True
Dinner at McDonald's via Visa,dining,58.2,Chick-fil-A,,True
Kohl's order,shopping,163.2,Old Navy,True,
at Lunch at Wendy's,dining,14.78,Subway,,True
at Nordstrom order,shopping,24.42,Nordstrom,,True
at Target shopping,shopping,76.61,Nordstrom,,True
Produce purchase $93,groceries,81.92,Trader Joe's,,True
May Fast food,dining,28.55,Domino's,,True
Lunch at Subway via PayPal,dining,72.16,Burger King,,True
Taxi Service,transportation,43.1,Gas Station,,True
Contract Work Invoice #7825,freelance,2668.66,,True,
at Applebees,dining,31.4,Wendy's,,True
Electronics Amazon Jul,shopping,327.96,Lowe's,,True
PARKING FEE,transportation,27.47,Gas Station,,True
$136 Meijer grocery,groceries,59.32,Aldi,,True
Contract Work Invoice #9509,freelance,1313.01,,True,
Groceries at Publix via Google Pay,groceries,23.17,Safeway,,True
Lunch at McDonald's purchase,dining,13.65,Chipotle,,True
GROCERIES AT TRADER JOE'S,groceries,182.94,Costco,,True
Contract Work Invoice #5353 $158,freelance,168.35,,,True
$78 Paycheck from Tech Corp,salary,3532.74,,,True
Supermarket purchase $36,groceries,83.65,Trader Joe's,,True
Supermarket purchase via PayPal,groceries,122.87,Walmart,,True
clothing purchase,shopping,100.01,Macy's,,True
$186 Payment for services,housing,500.0,HOA Fees,,True
Bus Ticket ride $13,transportation,45.27,Train Ticket,,True
Walmart order via Visa,shopping,15.0,Nordstrom,,True
$103 Monthly Salary Deposit,salary,7408.81,,,True
Coffee at Starbucks,dining,12.46,Dunkin',True,
$78 Entertainment Transaction,entertainment,120.58,HBO Max,,True
Payment for services Oct,subscriptions,18.95,,,True
Fast food Oct,dining,30.47,Chick-fil-A,,True
Aug Restaurant meal,dining,64.15,Panera Bread,,True
Sep Groceries at Kroger,groceries,105.71,Food Lion,,True
Paycheck from Global Solutions,salary,2487.21,,True,
$31 Groceries at Trader Joe's,groceries,75.29,Walmart,,True
at Groceries at Food Lion,groceries,78.13,Walmart,,True
payment to Electronics Best Buy,shopping,15.0,Target,,True
$177 Dinner at Burger King,dining,35.94,Starbucks,,True
Direct Deposit Salary via Visa,salary,2814.07,,,True
taco bell,dining,19.34,Applebees,,True
Clothing purchase via Google Pay,shopping,104.08,Amazon,,True
Clothing purchase $90,shopping,104.08,Amazon,,True
contract work invoice #6595,freelance,223.59,,,True
Apr Bank Transfer,utilities,121.6,Internet Service,,True
dinner at starbucks,dining,5.0,Dunkin',,True
Fast food $109,dining,29.56,Taco Bell,,True
Weekly groceries $55,groceries,106.77,Target,,True
Online purchase Kohl's,shopping,27.55,Gap,True,
Contract Work Invoice #7419,freelance,1837.4,,True,
Groceries at Food Lion,groceries,109.76,Costco,True,
Weekly groceries May,groceries,112.11,Kroger,,True
Nov Paycheck from Global Solutions,salary,6752.29,,,True
Car maintenance $199,transportation,21.47,Train Ticket,,True
coffee at burger king,dining,24.3,Subway,,True
Public transportation via Apple Pay,transportation,17.72,Exxon,,True
contract work invoice #2121,freelance,701.97,,,True
Dinner at Chick-fil-A purchase,dining,16.14,Dunkin',,True
payment to Lunch at Applebees,dining,21.53,Pizza Hut,,True
Jan Lunch at Wendy's,dining,14.78,Subway,,True
Coffee at McDonald's purchase,dining,40.42,Applebees,,True
$102 Bank Transfer,housing,514.45,Home Insurance,,True
electronics gap,shopping,63.84,Home Depot,,True
amazon order,shopping,86.3,Best Buy,,True
CONTRACT WORK INVOICE #1381,freelance,1376.02,,,True
Contract Work Invoice #4324,freelance,1225.11,,True,
Direct Deposit Salary $189,salary,5414.84,,,True
$7 Public transportation,transportation,61.86,Bus Ticket,,True
Bank Transfer May,healthcare,20.0,Prescription,,True
$116 Home goods,shopping,15.0,Macy's,,True
LOWE'S SHOPPING,shopping,15.0,Lowe's,,True
Old Navy Order,shopping,15.0,Kohl's,,True
weekly groceries,groceries,117.07,Kroger,,True
Payment for services $186,housing,500.0,HOA Fees,,True
Coffee at Subway,dining,11.3,Chick-fil-A,True,
Purchase Feb,utilities,138.39,Sewer Bill,,True
Coffee at Olive Garden,dining,18.04,Chipotle,True,
Electronics Gap via Google Pay,shopping,63.84,Home Depot,,True
Contract Work Invoice #9791,freelance,2684.56,,True,
GAP ORDER,shopping,15.0,Target,,True
Gas at Parking,transportation,20.39,Bus Ticket,True,
coffee at mcdonald's,dining,40.42,Applebees,,True
Ebay Shopping,shopping,275.14,Gap,,True
Electronics Gap purchase,shopping,63.84,Home Depot,,True
starbucks,dining,5.0,Starbucks,,True
Online purchase Lowe's via Mastercard,shopping,42.87,Amazon,,True
Mar Bank Transfer,entertainment,34.91,Netflix,,True
Gas at Uber,transportation,50.13,Lyft,True,
Dinner At Mcdonald'S,dining,21.2,Wendy's,,True
$194 Coffee at Chipotle,dining,42.03,Wendy's,,True
Coffee At Chipotle,dining,42.03,Wendy's,,True
Bank Transfer $29,housing,1627.02,Mortgage,,True
Electronics Gap via Visa,shopping,15.0,Amazon,,True
$16 Payment for services,housing,1785.82,HOA Fees,,True
Apr Bus Ticket ride,transportation,45.27,Train Ticket,,True
Weekly Groceries,groceries,117.07,Kroger,,True
$144 Groceries at Walmart,groceries,64.39,Publix,,True
paycheck from innovation co,salary,4489.71,,,True
Bank Transfer Nov,entertainment,79.74,Spotify,,True
Dinner At Chipotle,dining,38.28,Taco Bell,,True
lowe's order,shopping,40.74,Gap,,True
PAYCHECK FROM INNOVATION CO,salary,4489.71,,,True
payment to Old Navy order,shopping,15.0,Kohl's,,True
Paycheck From Acme Inc,salary,4220.01,,,True
$25 Lunch at Taco Bell,dining,10.78,Domino's,,True
CONTRACT WORK INVOICE #6696,freelance,100.0,,,True
ONLINE PURCHASE HOME DEPOT,shopping,103.2,Best Buy,,True
Jul Contract Work Invoice #7391,freelance,100.0,,,True
ONLINE PURCHASE MACY'S,shopping,108.05,Home Depot,,True
Lunch at Olive Garden $190,dining,23.67,Domino's,,True
Bank Transfer via Apple Pay,subscriptions,19.04,,,True
$116 Payment for services,subscriptions,47.22,,,True
Weekly groceries Feb,groceries,20.0,Safeway,,True
Burger King,dining,5.0,Dunkin',True,
Home Depot shopping,shopping,15.0,Walmart,True,
Best Buy shopping via PayPal,shopping,15.0,Lowe's,,True
Parking fee via Visa,transportation,40.52,Gas Station,,True
payment to Dinner at McDonald's,dining,21.2,Wendy's,,True
Coffee at Starbucks via Google Pay,dining,11.16,Domino's,,True
BANK TRANSFER,healthcare,213.68,Health Insurance,,True
payment to Dinner at Applebees,dining,18.99,Subway,,True
ONLINE PURCHASE AMAZON,shopping,217.14,Best Buy,,True
Groceries at Food Lion via Apple Pay,groceries,78.13,Walmart,,True
Contract Work Invoice #9309,freelance,378.13,,True,
Direct Deposit Salary $79,salary,5537.72,,,True
Train Ticket ride purchase,transportation,33.19,Shell,,True
Dinner at Chipotle,dining,27.51,McDonald's,True,
$59 Weekly groceries,groceries,20.0,Safeway,,True
Car Maintenance,transportation,73.62,Metro Transit,,True
at Wendy's,dining,21.26,Pizza Hut,,True
Contract Work Invoice #4470,freelance,2610.73,,True,
$36 Supermarket purchase,groceries,83.65,Trader Joe's,,True
$186 Car maintenance,transportation,11.67,Uber,,True
Aug Healthcare Transaction,healthcare,20.0,Hospital,,True
Electronics Walmart $44,shopping,481.95,Target,,True
Applebees $138,dining,31.4,Wendy's,,True
payment to Coffee at Panera Bread,dining,32.48,Taco Bell,,True
Food Lion Grocery,groceries,47.79,Safeway,,True
Purchase $6,housing,1743.79,Home Insurance,,True
Groceries at Target purchase,groceries,43.6,Aldi,,True
Bank Transfer $26,utilities,141.94,Internet Service,,True
Apr Bank Transfer,subscriptions,11.95,,,True
Entertainment Transaction $28,entertainment,85.93,Sports Game,,True
Dinner at Subway,dining,57.87,Starbucks,True,
Purchase $11,entertainment,65.37,Disney+,,True
Car maintenance Jan,transportation,16.61,Gas Station,,True
Contract Work Invoice #1290,freelance,100.0,,True,
$179 Bank Transfer,housing,1534.36,Property Management,,True
Consulting Services $10,freelance,2567.57,,,True
Gas At Gas Station,transportation,11.4,Gas Station,,True
Housing Transaction Jul,housing,2123.3,Property Management,,True
Entertainment Transaction via Visa,entertainment,10.0,Netflix,,True
Online purchase Amazon via Mastercard,shopping,217.14,Best Buy,,True
Home goods $39,shopping,209.87,Kohl's,,True
Best Buy order purchase,shopping,15.0,Macy's,,True
$34 Payment for services,entertainment,10.0,HBO Max,,True
$136 Lowe's order,shopping,64.85,Kohl's,,True
EXXON RIDE,transportation,15.39,Gas Station,,True
PAYMENT FOR SERVICES,entertainment,58.16,HBO Max,,True
Coffee at Chipotle via Visa,dining,42.03,Wendy's,,True
target shopping,shopping,76.61,Nordstrom,,True
$185 Electronics eBay,shopping,94.65,Home Depot,,True
lunch at wendy's,dining,14.78,Subway,,True
Electronics Home Depot purchase,shopping,174.94,Lowe's,,True
at Electronics Walmart,shopping,481.95,Target,,True
WALMART ORDER,shopping,145.81,Gap,,True
Feb Purchase,entertainment,33.74,Spotify,,True
$101 Lunch at Starbucks,dining,48.5,Chipotle,,True
Contract Work Invoice #8161,freelance,1017.28,,True,
$123 Groceries at Safeway,groceries,83.56,Publix,,True
Old Navy order via Apple Pay,shopping,207.93,Macy's,,True
Paycheck from Tech Corp $89,salary,2669.24,,,True
Exxon ride Oct,transportation,15.39,Gas Station,,True
DINNER AT CHIPOTLE,dining,38.28,Taco Bell,,True
Contract Work Invoice #5100,freelance,100.0,,,True
Contract Work Invoice #1888,freelance,100.0,,True,
$198 Bank Transfer,entertainment,26.32,Hulu,,True
Bank Transfer via PayPal,utilities,203.29,Trash Service,,True
at Costco grocery,groceries,110.98,Meijer,,True
Bank Transfer Mar,entertainment,34.91,Netflix,,True
Sep Purchase,healthcare,63.26,Hospital,,True
CONTRACT WORK INVOICE #4694,freelance,1373.02,,,True
Gap order via Visa,shopping,15.0,Walmart,,True
payment to Gas at Bus Ticket,transportation,38.63,Shell,,True
Payment for services via PayPal,housing,1676.64,Property Tax,,True
at Dinner at Burger King,dining,35.94,Starbucks,,True
groceries at trader joe's,groceries,75.29,Walmart,,True
Contract Work Invoice #8175,freelance,100.0,,True,
Jun Payment for services,utilities,112.93,Internet Service,,True
payment to Electronics Amazon,shopping,327.96,Lowe's,,True
Jul Lunch at Applebees,dining,5.0,Subway,,True
Oct Supermarket purchase,groceries,74.47,Target,,True
CONTRACT WORK INVOICE #5373,freelance,938.6,,,True
Purchase $181,entertainment,38.96,Spotify,,True
payment to Lunch at Olive Garden,dining,25.37,Chick-fil-A,,True
payment to Kohl's order,shopping,204.99,Walmart,,True
Weekly groceries Mar,groceries,134.23,Trader Joe's,,True
online purchase lowe's,shopping,42.87,Amazon,,True
Entertainment Transaction via Google Pay,entertainment,85.93,Sports Game,,True
Direct Deposit Salary via Mastercard,salary,5685.03,,,True
$69 Taxi service,transportation,45.69,Lyft,,True
Giant grocery Nov,groceries,81.55,Food Lion,,True
eBay shopping Nov,shopping,275.14,Gap,,True
Consulting Services via Visa,freelance,100.0,,,True
ebay shopping,shopping,15.0,Walmart,,True
Gas at BP via PayPal,transportation,72.04,Shell,,True
Lyft ride purchase,transportation,19.45,Gas Station,,True
Oct Fast food,dining,30.47,Chick-fil-A,,True
Purchase via Google Pay,healthcare,20.0,Medical Supplies,,True
Supermarket purchase via Apple Pay,groceries,33.05,Kroger,,True
Lunch At Olive Garden,dining,25.37,Chick-fil-A,,True
payment to Nordstrom shopping,shopping,196.13,Best Buy,,True
Lunch at Taco Bell,dining,41.28,Subway,True,
entertainment transaction,entertainment,97.9,Disney+,,True
at Meijer grocery,groceries,131.05,Walmart,,True
Groceries at Publix via Apple Pay,groceries,79.2,Costco,,True
Chipotle Apr,dining,25.55,Panera Bread,,True
Mar Nordstrom order,shopping,24.42,Nordstrom,,True
Wendy's $134,dining,27.88,Taco Bell,,True
Contract Work Invoice #5945,freelance,3286.07,,True,
Feb Monthly Salary Deposit,salary,6866.52,,,True
Coffee at Wendy's via Mastercard,dining,13.44,Taco Bell,,True
Lunch at Starbucks Sep,dining,45.97,Dunkin',,True
$194 Payment for services,entertainment,58.16,HBO Max,,True
at Gas at Lyft,transportation,21.5,Shell,,True
$177 Direct Deposit Salary,salary,2000.0,,,True
Contract Work Invoice #2108,freelance,1928.19,,True,
at Panera Bread,dining,5.0,Dunkin',,True
Monthly Salary Deposit Nov,salary,2000.0,,,True
Kohl'S Order,shopping,204.99,Walmart,,True
Meijer grocery,groceries,50.0,Whole Foods,True,
$34 Restaurant meal,dining,5.0,Pizza Hut,,True
Walmart Shopping,shopping,271.46,Old Navy,,True
GAS AT MOBIL,transportation,46.51,BP,,True
Electronics Old Navy purchase,shopping,44.86,Old Navy,,True
at Gas at Uber,transportation,40.44,Mobil,,True
LUNCH AT OLIVE GARDEN,dining,25.37,Chick-fil-A,,True
$53 Purchase,healthcare,178.85,Medical Supplies,,True
Bank Transfer $179,housing,1534.36,Property Management,,True
Contract Work Invoice #2184,freelance,2601.02,,True,
Gap order via Apple Pay,shopping,15.0,Target,,True
Coffee at Taco Bell purchase,dining,30.27,Pizza Hut,,True
Whole Foods Grocery,groceries,30.1,Meijer,,True
Produce purchase $20,groceries,84.96,Kroger,,True
Restaurant meal Jul,dining,31.69,Panera Bread,,True
Safeway grocery,groceries,33.43,Aldi,True,
Car maintenance via Apple Pay,transportation,50.53,Train Ticket,,True
$184 Bank Transfer,entertainment,38.95,Bowling,,True
Purchase $47,subscriptions,22.14,,,True
Payment for services $116,subscriptions,47.22,,,True
OLIVE GARDEN,dining,24.97,Chipotle,,True
Lunch at Chick-fil-A via PayPal,dining,5.0,Chipotle,,True
Dinner at Taco Bell purchase,dining,53.26,Domino's,,True
at Gas at Bus Ticket,transportation,38.63,Shell,,True
meijer grocery,groceries,131.05,Walmart,,True
ONLINE PURCHASE EBAY,shopping,15.0,Macy's,,True
Contract Work Invoice #4868,freelance,262.33,,True,
Jun Bank Transfer,utilities,126.82,Electric Company,,True
Old Navy shopping,shopping,66.76,Old Navy,True,
Amazon shopping,shopping,158.78,Macy's,True,
contract work invoice #6758,freelance,439.57,,,True
Electronics Old Navy,shopping,124.44,Macy's,True,
Coffee at Taco Bell Sep,dining,30.27,Pizza Hut,,True
Groceries at Giant purchase,groceries,107.66,Publix,,True
electronics lowe's,shopping,90.93,Best Buy,,True
Direct Deposit Salary $35,salary,2215.54,,,True
Lunch at Applebees $150,dining,5.0,Applebees,,True
Contract Work Invoice #5219,freelance,100.0,,True,
DINNER AT TACO BELL,dining,53.26,Domino's,,True
OLD NAVY SHOPPING,shopping,15.0,Nordstrom,,True
BANK TRANSFER,utilities,30.0,Water Bill,,True
Aldi grocery purchase,groceries,196.37,Walmart,,True
Fast food via Google Pay,dining,32.49,Pizza Hut,,True
Subscriptions Transaction via Visa,subscriptions,21.16,,,True
costco grocery,groceries,110.98,Meijer,,True
Housing Transaction $75,housing,1089.63,Property Tax,,True
Purchase,entertainment,75.9,Arcade,True,
Clothing Purchase,shopping,100.01,Macy's,,True
payment to Train Ticket ride,transportation,33.19,Shell,,True
Groceries At Food Lion,groceries,78.13,Walmart,,True
Groceries at Aldi,groceries,92.44,Kroger,True,
payment to Gas at Lyft,transportation,21.5,Shell,,True
GROCERIES AT SAFEWAY,groceries,83.56,Publix,,True
AMAZON SHOPPING,shopping,207.21,Old Navy,,True
CONTRACT WORK INVOICE #6758,freelance,439.57,,,True
Direct Deposit Salary Feb,salary,5537.72,,,True
Aug Direct Deposit Salary,salary,8442.4,,,True
Payment for services $194,entertainment,58.16,HBO Max,,True
at Kohl's shopping,shopping,125.5,Walmart,,True
Nordstrom shopping $8,shopping,196.13,Best Buy,,True
Purchase $175,utilities,128.01,Phone Bill,,True
Nordstrom shopping purchase,shopping,196.13,Best Buy,,True
HOME GOODS,shopping,235.78,Macy's,,True
Supermarket purchase Jun,groceries,198.36,Meijer,,True
Food shopping Oct,groceries,117.33,Whole Foods,,True
Oct Purchase,entertainment,38.96,Spotify,,True
Payment for services Jan,healthcare,45.3,Prescription,,True
Electronics eBay $79,shopping,15.0,Macy's,,True
Weekly groceries Oct,groceries,122.37,Trader Joe's,,True
payment to Bus Ticket ride,transportation,39.82,Exxon,,True
Jun Paycheck from Acme Inc,salary,7094.1,,,True
Chipotle via PayPal,dining,5.0,Wendy's,,True
Housing Transaction $103,housing,1829.09,Property Tax,,True
$38 Purchase,utilities,52.98,Sewer Bill,,True
Supermarket purchase Apr,groceries,33.05,Kroger,,True
Aug Bank Transfer,entertainment,32.74,Concert,,True
Consulting Services Jun,freelance,2276.92,,,True
Lowe's shopping purchase,shopping,15.0,Lowe's,,True
$39 Home goods,shopping,209.87,Kohl's,,True
chick-fil-a,dining,22.32,McDonald's,,True
Groceries At Giant,groceries,107.66,Publix,,True
$104 Paycheck from Tech Corp,salary,7875.63,,,True
Car maintenance $123,transportation,37.45,Gas Station,,True
at eBay order,shopping,200.55,Kohl's,,True
payment to Meijer grocery,groceries,131.05,Walmart,,True
$101 Home goods,shopping,209.92,Best Buy,,True
Contract Work Invoice #8481,freelance,215.02,,True,
Supermarket purchase $9,groceries,42.33,Safeway,,True
at Coffee at Burger King,dining,24.3,Subway,,True
Feb Purchase,utilities,138.39,Sewer Bill,,True
old navy order,shopping,15.0,Kohl's,,True
COFFEE AT BURGER KING,dining,24.3,Subway,,True
Aug Exxon ride,transportation,59.09,Shell,,True
DINNER AT DUNKIN',dining,27.97,Burger King,,True
Target shopping,shopping,125.6,Old Navy,True,
WEEKLY GROCERIES,groceries,117.07,Kroger,,True
gas at train ticket,transportation,56.85,Bus Ticket,,True
Bank Transfer $189,entertainment,37.81,Concert,,True
Contract Work Invoice #4226 via Google Pay,freelance,534.03,,,True
Electronics Amazon via Mastercard,shopping,166.15,Walmart,,True
payment to Lowe's order,shopping,40.74,Gap,,True
at Walmart order,shopping,145.81,Gap,,True
at Electronics eBay,shopping,15.0,Macy's,,True
Consulting Services Nov,freelance,2515.12,,,True
$52 Food shopping,groceries,73.72,Trader Joe's,,True
payment to Walmart shopping,shopping,271.46,Old Navy,,True
at Kroger grocery,groceries,53.19,Safeway,,True
payment to Food Lion grocery,groceries,47.79,Safeway,,True
lunch at panera bread,dining,11.1,Olive Garden,,True
Purchase Jan,entertainment,52.62,HBO Max,,True
payment to Gas at Mobil,transportation,46.51,BP,,True
Online purchase Old Navy,shopping,15.0,Best Buy,True,
payment to Trader Joe's grocery,groceries,105.95,Walmart,,True
Lunch At Taco Bell,dining,52.23,Panera Bread,,True
Parking fee Jul,transportation,31.55,Exxon,,True
ELECTRONICS LOWE'S,shopping,90.93,Best Buy,,True
payment to Gap order,shopping,15.0,Target,,True
Produce purchase $13,groceries,102.98,Kroger,,True
Lunch At Pizza Hut,dining,28.96,McDonald's,,True
payment to Wendy's,dining,21.26,Pizza Hut,,True
Oct Food shopping,groceries,117.33,Whole Foods,,True
Contract Work Invoice #4694,freelance,1373.02,,,True
Restaurant meal via Google Pay,dining,33.21,Pizza Hut,,True
payment to Groceries at Food Lion,groceries,78.13,Walmart,,True
Apr Taxi service,transportation,65.08,Shell,,True
Apr Chipotle,dining,25.55,Panera Bread,,True
Mar Payment for services,subscriptions,14.52,,,True
Fast food via Apple Pay,dining,51.88,Panera Bread,,True
Contract Work Invoice #1050,freelance,100.0,,True,
$162 Paycheck from Tech Corp,salary,2000.0,,,True
Feb Gas at Uber,transportation,40.44,Mobil,,True
ELECTRONICS MACY'S,shopping,296.56,Kohl's,,True
Contract Work Invoice #3200 via Visa,freelance,1665.41,,,True
$197 Home goods,shopping,90.48,Target,,True
dinner at taco bell,dining,53.26,Domino's,,True
Consulting Services via Mastercard,freelance,2181.23,,,True
Freelance Payment Jun,freelance,1269.38,,,True
eBay shopping,shopping,85.08,Home Depot,True,
Coffee At Starbucks,dining,11.16,Domino's,,True
Jun Purchase,entertainment,22.05,Spotify,,True
coffee at pizza hut,dining,34.43,Dunkin',,True
Restaurant meal via Apple Pay,dining,32.98,Burger King,,True
gas at mobil,transportation,46.51,BP,,True
$6 Purchase,housing,1743.79,Home Insurance,,True
Contract Work Invoice #4572,freelance,100.0,,True,
Food Lion grocery,groceries,140.76,Trader Joe's,True,
Contract Work Invoice #9232,freelance,2599.13,,True,
COSTCO GROCERY,groceries,110.98,Meijer,,True
Bank Transfer $169,subscriptions,14.47,,,True
Best Buy Shopping,shopping,15.0,Lowe's,,True
at Shell ride,transportation,39.76,Shell,,True
CONTRACT WORK INVOICE #7391,freelance,100.0,,,True
Mar Purchase,subscriptions,5.0,,,True
Bank Transfer Sep,housing,1506.63,Property Tax,,True
Online Purchase Ebay,shopping,15.0,Macy's,,True
payment to BP ride,transportation,20.59,Uber,,True
Electronics Amazon $158,shopping,15.0,Nordstrom,,True
purchase,housing,500.0,Apartment,,True
Contract Work Invoice #1681,freelance,2637.59,,True,
Online Purchase Lowe'S,shopping,42.87,Amazon,,True
Contract Work Invoice #6065,freelance,100.0,,True,
Freelance Payment via Google Pay,freelance,100.0,,,True
Weekly groceries via Apple Pay,groceries,55.35,Publix,,True
wendy's,dining,21.26,Pizza Hut,,True
Lowe's order purchase,shopping,40.74,Gap,,True
payment to Dunkin',dining,20.27,Domino's,,True
Lunch at Panera Bread purchase,dining,11.1,Olive Garden,,True
Lowe's order May,shopping,233.56,Target,,True
Supermarket purchase $118,groceries,77.64,Food Lion,,True
Lunch at Chick-fil-A,dining,24.56,Taco Bell,True,
$133 Purchase,utilities,130.15,Cable TV,,True
contract work invoice #5787,freelance,221.08,,,True
Restaurant meal $34,dining,5.0,Pizza Hut,,True
Home goods $197,shopping,90.48,Target,,True
Restaurant meal $145,dining,64.15,Panera Bread,,True
$40 Bank Transfer,utilities,55.55,Internet Service,,True
Home goods via Google Pay,shopping,15.0,Walmart,,True
Contract Work Invoice #2261,freelance,2138.17,,True,
$43 Food shopping,groceries,44.83,Safeway,,True
Lyft ride,transportation,18.99,Parking,True,
Payment for services $132,entertainment,24.97,Hulu,,True
Nov Online purchase Kohl's,shopping,15.0,Macy's,,True
payment to Electronics eBay,shopping,15.0,Macy's,,True
Groceries at Meijer,groceries,40.28,Giant,True,
CONTRACT WORK INVOICE #1040,freelance,100.0,,,True
electronics best buy,shopping,15.0,Target,,True
$29 Bank Transfer,housing,1627.02,Mortgage,,True
Aug Purchase,utilities,87.74,Sewer Bill,,True
Sep Taxi service,transportation,53.33,Lyft,,True
$160 Produce purchase,groceries,63.0,Costco,,True
lunch at olive garden,dining,25.37,Chick-fil-A,,True
Groceries At Target,groceries,43.6,Aldi,,True
Groceries at Food Lion purchase,groceries,78.13,Walmart,,True
Purchase Aug,utilities,87.74,Sewer Bill,,True
Gas at Exxon,transportation,48.35,Parking,True,
Contract Work Invoice #6314,freelance,2236.41,,True,
Dinner at Applebees purchase,dining,18.99,Subway,,True
Feb Purchase,subscriptions,32.02,,,True
Gas at Gas Station via Mastercard,transportation,40.31,Shell,,True
$114 Entertainment Transaction,entertainment,23.58,Bowling,,True
Olive Garden purchase,dining,24.97,Chipotle,,True
at Gas at Metro Transit,transportation,23.82,BP,,True
Contract Work Invoice #7017,freelance,987.25,,True,
Publix grocery via Mastercard,groceries,113.23,Publix,,True
Contract Work Invoice #9116,freelance,100.0,,True,
at Online purchase Kohl's,shopping,29.29,eBay,,True
amazon shopping,shopping,207.21,Old Navy,,True
Nov Freelance Payment,freelance,100.0,,,True
Contract Work Invoice #4575,freelance,2883.55,,True,
Shell ride $145,transportation,54.55,BP,,True
Purchase Feb,entertainment,33.74,Spotify,,True
COFFEE AT STARBUCKS,dining,11.16,Domino's,,True
eBay order purchase,shopping,200.55,Kohl's,,True
Nov Monthly Salary Deposit,salary,2000.0,,,True
at Lunch at Subway,dining,72.16,Burger King,,True
Public transportation Oct,transportation,48.59,Bus Ticket,,True
at Parking fee,transportation,27.47,Gas Station,,True
Contract Work Invoice #7937,freelance,100.0,,True,
Bank Transfer $75,entertainment,53.26,Arcade,,True
Whole Foods grocery $157,groceries,58.6,Publix,,True
lowe's shopping,shopping,15.0,Lowe's,,True
Contract Work Invoice #1491,freelance,2660.79,,,True
lunch at chick-fil-a,dining,35.43,Wendy's,,True
Bus Ticket ride,transportation,26.81,Bus Ticket,True,
payment to Best Buy order,shopping,15.0,Macy's,,True
coffee at taco bell,dining,30.27,Pizza Hut,,True
Contract Work Invoice #9170,freelance,2712.12,,True,
$93 Produce purchase,groceries,81.92,Trader Joe's,,True
Whole Foods grocery,groceries,123.92,Trader Joe's,True,
Lunch at Burger King,dining,5.0,Panera Bread,True,
at Online purchase Old Navy,shopping,15.0,Nordstrom,,True
Fast food via PayPal,dining,14.8,Panera Bread,,True
$55 Bank Transfer,entertainment,15.83,Concert,,True
Electronics Walmart $136,shopping,15.0,Macy's,,True
Online purchase eBay $93,shopping,15.0,Macy's,,True
COFFEE AT APPLEBEES,dining,56.65,Domino's,,True
Parking fee $39,transportation,28.67,Exxon,,True
$95 Bank Transfer,utilities,149.02,Phone Bill,,True
Ebay Order,shopping,200.55,Kohl's,,True
Fast food via Mastercard,dining,37.55,Burger King,,True
$121 Target grocery,groceries,111.34,Publix,,True
$29 Groceries at Costco,groceries,47.44,Walmart,,True
Home Depot order,shopping,127.5,Nordstrom,True,
at Best Buy order,shopping,15.0,Macy's,,True
payment to Groceries at Kroger,groceries,105.71,Food Lion,,True
Contract Work Invoice #7712,freelance,902.02,,True,
Online purchase Macy's,shopping,208.51,Macy's,True,
at Online purchase Macy's,shopping,108.05,Home Depot,,True
Kohl's shopping purchase,shopping,125.5,Walmart,,True
Monthly Salary Deposit $180,salary,2049.15,,,True
Dinner at Wendy's purchase,dining,33.36,Chick-fil-A,,True
$195 Produce purchase,groceries,129.54,Safeway,,True
Bank Transfer via Google Pay,housing,844.59,Home Insurance,,True
Public transportation via Google Pay,transportation,66.55,Lyft,,True
Home goods $73,shopping,91.13,eBay,,True
Nordstrom order Mar,shopping,24.42,Nordstrom,,True
Chipotle via Visa,dining,25.55,Panera Bread,,True
payment to Parking fee,transportation,27.47,Gas Station,,True
payment to Groceries at Target,groceries,43.6,Aldi,,True
Jun Taxi service,transportation,10.0,Shell,,True
$145 Lunch at Domino's,dining,17.26,McDonald's,,True
$13 Produce purchase,groceries,102.98,Kroger,,True
ONLINE PURCHASE LOWE'S,shopping,42.87,Amazon,,True
Online Purchase Old Navy,shopping,15.0,Nordstrom,,True
walmart shopping,shopping,271.46,Old Navy,,True
UBER RIDE,transportation,14.83,Train Ticket,,True
Walmart shopping purchase,shopping,271.46,Old Navy,,True
Bank Transfer $40,utilities,55.55,Internet Service,,True
Lyft ride $32,transportation,43.33,Lyft,,True
$117 Bank Transfer,subscriptions,22.43,,,True
Contract Work Invoice #6678,freelance,838.39,,True,
Panera Bread purchase,dining,5.0,Dunkin',,True
Contract Work Invoice #6478,freelance,1409.19,,True,
Lowe'S Shopping,shopping,15.0,Lowe's,,True
Contract Work Invoice #5100 via Google Pay,freelance,100.0,,,True
Gas at Train Ticket $54,transportation,56.85,Bus Ticket,,True
Groceries at Costco $29,groceries,47.44,Walmart,,True
$123 Car maintenance,transportation,37.45,Gas Station,,True
at Lunch at Olive Garden,dining,25.37,Chick-fil-A,,True
Sep Restaurant meal,dining,28.5,Chick-fil-A,,True
Coffee at Wendy's,dining,5.0,Panera Bread,True,
Nov Direct Deposit Salary,salary,6078.32,,,True
Groceries at Publix via Mastercard,groceries,20.0,Walmart,,True
Monthly Salary Deposit $176,salary,2000.0,,,True
LUNCH AT MCDONALD'S,dining,13.65,Chipotle,,True
Contract Work Invoice #8326,freelance,100.0,,True,
bank transfer,healthcare,213.68,Health Insurance,,True
payment to Best Buy shopping,shopping,15.0,Lowe's,,True
Consulting Services via PayPal,freelance,2515.12,,,True
payment to Amazon shopping,shopping,207.21,Old Navy,,True
Aug Payment for services,healthcare,86.85,Dentist,,True
Dec Supermarket purchase,groceries,122.87,Walmart,,True
Contract Work Invoice #3556,freelance,984.78,,True,
CONTRACT WORK INVOICE #9361,freelance,100.0,,,True
Gas at Lyft purchase,transportation,21.5,Shell,,True
Electronics Walmart,shopping,107.03,Old Navy,True,
Giant grocery $166,groceries,76.79,Publix,,True
DUNKIN',dining,20.27,Domino's,,True
electronics macy's,shopping,296.56,Kohl's,,True
Contract Work Invoice #9334,freelance,1132.36,,True,
Meijer grocery $136,groceries,59.32,Aldi,,True
$146 Contract Work Invoice #6963,freelance,241.86,,,True
Purchase,healthcare,20.0,Dentist,True,
$57 Online purchase Best Buy,shopping,37.09,Kohl's,,True
Monthly Salary Deposit via Visa,salary,4905.03,,,True
payment to Lunch at McDonald's,dining,13.65,Chipotle,,True
GROCERIES AT GIANT,groceries,107.66,Publix,,True
Contract Work Invoice #2771,freelance,1240.05,,True,
panera bread,dining,5.0,Dunkin',,True
Public transportation via Mastercard,transportation,54.77,Mobil,,True
Applebees $52,dining,17.31,Panera Bread,,True
payment to Publix grocery,groceries,113.23,Publix,,True
Payment for services Nov,entertainment,17.96,YouTube Premium,,True
at Whole Foods grocery,groceries,30.1,Meijer,,True
TARGET GROCERY,groceries,127.59,Target,,True
payment to Gas at Uber,transportation,40.44,Mobil,,True
Contract Work Invoice #4026,freelance,3414.35,,True,
payment to Groceries at Trader Joe's,groceries,75.29,Walmart,,True
GAS AT GAS STATION,transportation,11.4,Gas Station,,True
Amazon order,shopping,71.01,Gap,True,
Subscriptions Transaction via PayPal,subscriptions,5.0,,,True
Jul Train Ticket ride,transportation,33.19,Shell,,True
Contract Work Invoice #8465,freelance,1193.27,,True,
groceries at meijer,groceries,137.65,Publix,,True
Contract Work Invoice #3182,freelance,871.96,,True,
Purchase $151,housing,546.12,Mortgage,,True
Contract Work Invoice #6864,freelance,899.24,,True,
Shell ride,transportation,60.01,Lyft,True,
Electronics Walmart purchase,shopping,481.95,Target,,True
Contract Work Invoice #7356,freelance,1041.21,,True,
Taco Bell,dining,5.0,Starbucks,True,
payment to Coffee at Taco Bell,dining,30.27,Pizza Hut,,True
Contract Work Invoice #7508,freelance,1785.87,,True,
Groceries At Costco,groceries,53.38,Trader Joe's,,True
at Dinner at McDonald's,dining,21.2,Wendy's,,True
Contract Work Invoice #6892,freelance,891.82,,True,
Online Purchase Amazon,shopping,217.14,Best Buy,,True
Payment for services $48,entertainment,46.51,Spotify,,True
Contract Work Invoice #4165,freelance,473.61,,True,
Freelance Payment via PayPal,freelance,962.44,,,True
groceries at whole foods,groceries,102.84,Target,,True
Mar Subscriptions Transaction,subscriptions,5.0,,,True
Bank Transfer $28,healthcare,70.37,Medical Supplies,,True
Parking fee purchase,transportation,27.47,Gas Station,,True
Mobil ride purchase,transportation,33.38,Mobil,,True
Home goods via Visa,shopping,235.78,Macy's,,True
Coffee At Pizza Hut,dining,34.43,Dunkin',,True
Utilities Transaction via Visa,utilities,177.28,Electric Company,,True
ALDI GROCERY,groceries,196.37,Walmart,,True
HEALTHCARE TRANSACTION,healthcare,20.0,Hospital,,True
Dec Fast food,dining,22.09,Starbucks,,True
Contract Work Invoice #7647,freelance,562.41,,,True
Groceries at Trader Joe's Dec,groceries,75.29,Walmart,,True
Groceries at Kroger $140,groceries,104.17,Whole Foods,,True
Contract Work Invoice #8320,freelance,3725.98,,True,
Contract Work Invoice #9883,freelance,212.19,,True,
Lyft ride $10,transportation,32.43,BP,,True
$27 Car maintenance,transportation,13.4,Parking,,True
Uber ride purchase,transportation,14.83,Train Ticket,,True
at Coffee at Taco Bell,dining,30.27,Pizza Hut,,True
Chick-fil-A purchase,dining,22.32,McDonald's,,True
$41 Weekly groceries,groceries,20.0,Walmart,,True
Housing Transaction via Apple Pay,housing,1612.58,Property Tax,,True
BANK TRANSFER,entertainment,42.8,Netflix,,True
Purchase Jul,subscriptions,28.92,,,True
Contract Work Invoice #2121 $137,freelance,701.97,,,True
Gas at Mobil,transportation,46.26,Uber,True,
Entertainment Transaction Nov,entertainment,10.0,Spotify,,True
payment to Coffee at Wendy's,dining,35.61,Burger King,,True
Food shopping via Mastercard,groceries,54.87,Safeway,,True
Contract Work Invoice #3510,freelance,100.0,,True,
payment to Dinner at Dunkin',dining,27.97,Burger King,,True
Contract Work Invoice #5415,freelance,833.73,,True,
CONTRACT WORK INVOICE #5100,freelance,100.0,,,True
online purchase kohl's,shopping,29.29,eBay,,True
FAST FOOD,dining,14.8,Panera Bread,,True
Contract Work Invoice #2123,freelance,344.22,,True,
housing transaction,housing,1089.63,Property Tax,,True
Contract Work Invoice #4579,freelance,100.0,,True,
Apr Payment for services,entertainment,56.58,Netflix,,True
DIRECT DEPOSIT SALARY,salary,5685.03,,,True
Nov Fast food,dining,25.5,Subway,,True
Kohl's shopping via Google Pay,shopping,207.65,Lowe's,,True
Payment for services $172,subscriptions,18.95,,,True
$87 Lowe's order,shopping,15.0,Lowe's,,True
PAYCHECK FROM GLOBAL SOLUTIONS,salary,6752.29,,,True
Apr Fast food,dining,67.82,Wendy's,,True
$93 Online purchase eBay,shopping,15.0,Macy's,,True
at Walmart grocery,groceries,89.68,Whole Foods,,True
Contract Work Invoice #5556,freelance,1011.59,,True,
Online purchase Best Buy,shopping,65.91,Lowe's,True,
WHOLE FOODS GROCERY,groceries,30.1,Meijer,,True
Contract Work Invoice #2121 via Google Pay,freelance,701.97,,,True
Starbucks purchase,dining,5.0,Starbucks,,True
Bank Transfer via Visa,entertainment,43.21,Netflix,,True
$96 Taxi service,transportation,65.08,Shell,,True
Supermarket purchase Oct,groceries,74.47,Target,,True
Applebees purchase,dining,31.4,Wendy's,,True
$20 Freelance Payment,freelance,2148.56,,,True
Contract Work Invoice #8672,freelance,1003.07,,True,
Dinner at Chipotle purchase,dining,38.28,Taco Bell,,True
$162 Purchase,subscriptions,15.56,,,True
purchase,subscriptions,21.48,,,True
Dinner at Starbucks,dining,5.0,Wendy's,True,
Purchase $53,healthcare,178.85,Medical Supplies,,True
Freelance Payment via Apple Pay,freelance,100.0,,,True
groceries at walmart,groceries,79.93,Costco,,True
Gas at Lyft,transportation,10.0,Train Ticket,True,
$136 Electronics Walmart,shopping,15.0,Macy's,,True
May Lowe's order,shopping,233.56,Target,,True
Exxon ride purchase,transportation,15.39,Gas Station,,True
$75 Bank Transfer,entertainment,53.26,Arcade,,True
Bank Transfer via Google Pay,entertainment,26.29,Disney+,,True
PUBLIX GROCERY,groceries,113.23,Publix,,True
Lunch at Chipotle $123,dining,23.95,Taco Bell,,True
Panera Bread,dining,20.95,Applebees,True,
Oct Weekly groceries,groceries,122.37,Trader Joe's,,True
Paycheck from Innovation Co via Google Pay,salary,7996.93,,,True
Jul Bank Transfer,housing,1731.99,Apartment,,True
Gas at Train Ticket via Visa,transportation,24.66,Uber,,True
$165 Subscriptions Transaction,subscriptions,26.18,,,True
Coffee At Panera Bread,dining,32.48,Taco Bell,,True
Amazon order $10,shopping,86.3,Best Buy,,True
Lunch at Pizza Hut,dining,24.18,Pizza Hut,True,
at Groceries at Meijer,groceries,137.65,Publix,,True
Contract Work Invoice #7418,freelance,1337.29,,True,
Lunch At Mcdonald'S,dining,13.65,Chipotle,,True
at Trader Joe's grocery,groceries,105.95,Walmart,,True
Paycheck from Acme Inc $121,salary,3391.99,,,True
online purchase ebay,shopping,15.0,Macy's,,True
Exxon ride $186,transportation,63.62,Uber,,True
Contract Work Invoice #4796,freelance,298.65,,,True
$188 Gas at Gas Station,transportation,11.4,Gas Station,,True
$37 Bank Transfer,utilities,268.77,Cable TV,,True
Lunch At Applebees,dining,21.53,Pizza Hut,,True
payment to Aldi grocery,groceries,196.37,Walmart,,True
Lunch at Subway purchase,dining,72.16,Burger King,,True
Contract Work Invoice #7374,freelance,1153.0,,True,
Lyft ride May,transportation,43.33,Lyft,,True
Whole Foods grocery purchase,groceries,30.1,Meijer,,True
contract work invoice #8932,freelance,351.89,,,True
Pizza Hut,dining,15.37,Subway,True,
Walmart shopping via Google Pay,shopping,250.78,Best Buy,,True
Target grocery purchase,groceries,127.59,Target,,True
Contract Work Invoice #6237,freelance,505.6,,True,
Jan Olive Garden,dining,24.97,Chipotle,,True
BUS TICKET RIDE,transportation,39.82,Exxon,,True
$17 Fast food,dining,15.51,Chipotle,,True
groceries at costco,groceries,53.38,Trader Joe's,,True
Jan Car maintenance,transportation,16.61,Gas Station,,True
Mar Online purchase Old Navy,shopping,15.0,Nordstrom,,True
$33 Bank Transfer,utilities,112.17,Gas Company,,True
Contract Work Invoice #2487,freelance,3177.2,,True,
Aldi grocery,groceries,63.38,Meijer,True,
Produce purchase $82,groceries,20.0,Walmart,,True
KROGER GROCERY,groceries,53.19,Safeway,,True
Contract Work Invoice #5225,freelance,1295.67,,True,
Gas at Bus Ticket purchase,transportation,38.63,Shell,,True
Home Depot shopping Mar,shopping,190.35,Old Navy,,True
Online purchase Nordstrom,shopping,15.0,Home Depot,True,
at Gas Station ride,transportation,20.69,Exxon,,True
payment to Old Navy shopping,shopping,15.0,Nordstrom,,True
Produce purchase Apr,groceries,129.54,Safeway,,True
Contract Work Invoice #4814,freelance,2675.95,,True,
electronics amazon,shopping,327.96,Lowe's,,True
Walmart grocery via Apple Pay,groceries,64.05,Food Lion,,True
Contract Work Invoice #2957,freelance,424.92,,True,
Supermarket purchase Dec,groceries,122.87,Walmart,,True
$118 Payment for services,healthcare,277.7,Optometrist,,True
Kohl's shopping Jan,shopping,31.34,Target,,True
Groceries at Walmart $144,groceries,64.39,Publix,,True
Contract Work Invoice #8298,freelance,732.86,,True,
Macy's shopping,shopping,15.0,eBay,True,
$145 Restaurant meal,dining,64.15,Panera Bread,,True
lunch at pizza hut,dining,28.96,McDonald's,,True
Freelance Payment $157,freelance,1841.38,,,True
BANK TRANSFER,housing,1542.82,Mortgage,,True
Costco grocery,groceries,22.53,Walmart,True,
Lunch at Burger King via Mastercard,dining,43.08,Wendy's,,True
at Electronics Old Navy,shopping,44.86,Old Navy,,True
$54 Gas at Train Ticket,transportation,56.85,Bus Ticket,,True
Food Lion grocery via Visa,groceries,20.0,Kroger,,True
at Home Depot order,shopping,15.0,Amazon,,True
Consulting Services via Apple Pay,freelance,766.05,,,True
Amazon Shopping,shopping,207.21,Old Navy,,True
Groceries at Costco,groceries,53.41,Walmart,True,
Utilities Transaction $84,utilities,196.15,Water Bill,,True
$10 Consulting Services,freelance,2567.57,,,True
Utilities Transaction via Apple Pay,utilities,112.13,Water Bill,,True
Supermarket purchase Jan,groceries,42.33,Safeway,,True
dinner at chipotle,dining,38.28,Taco Bell,,True
payment to Exxon ride,transportation,15.39,Gas Station,,True
Jan Purchase,utilities,30.0,Electric Company,,True
Groceries at Safeway via Mastercard,groceries,83.56,Publix,,True
Old Navy shopping Mar,shopping,94.93,Kohl's,,True
Jun Bank Transfer,subscriptions,22.43,,,True
coffee at wendy's,dining,35.61,Burger King,,True
Coffee at Taco Bell,dining,17.17,Wendy's,True,
$175 Taxi service,transportation,19.4,Train Ticket,,True
Lunch at Domino's,dining,14.91,Pizza Hut,True,
gas station ride,transportation,20.69,Exxon,,True
$192 Bank Transfer,housing,1248.15,Apartment,,True
Contract Work Invoice #4758,freelance,4064.84,,True,
Jun Utilities Transaction,utilities,230.5,Water Bill,,True
payment to Coffee at Burger King,dining,24.3,Subway,,True
Bank Transfer Aug,entertainment,32.74,Concert,,True
Applebees $136,dining,14.25,Domino's,,True
Paycheck from Tech Corp,salary,2000.0,,True,
$142 Bank Transfer,healthcare,27.4,Health Insurance,,True
Food shopping via Apple Pay,groceries,67.11,Meijer,,True
payment to Electronics Old Navy,shopping,44.86,Old Navy,,True
Electronics Macy's Apr,shopping,296.56,Kohl's,,True
Contract Work Invoice #1288,freelance,690.16,,True,
Supermarket purchase via Mastercard,groceries,78.99,Trader Joe's,,True
Direct Deposit Salary Jul,salary,3812.21,,,True
at Safeway grocery,groceries,110.09,Food Lion,,True
$124 Direct Deposit Salary,salary,5966.92,,,True
Contract Work Invoice #9152,freelance,100.0,,True,
Public transportation May,transportation,74.66,Shell,,True
Gas At Lyft,transportation,21.5,Shell,,True
Parking fee,transportation,52.9,Uber,True,
at Online purchase Amazon,shopping,217.14,Best Buy,,True
groceries at giant,groceries,107.66,Publix,,True
Purchase $96,entertainment,22.05,Spotify,,True
Bank Transfer Apr,subscriptions,11.95,,,True
at Giant grocery,groceries,81.55,Food Lion,,True
Meijer grocery $92,groceries,73.98,Meijer,,True
Monthly Salary Deposit $103,salary,7408.81,,,True
at Groceries at Walmart,groceries,79.93,Costco,,True
at Electronics Macy's,shopping,296.56,Kohl's,,True
Contract Work Invoice #5707,freelance,1752.2,,True,
$91 Bank Transfer,housing,2312.76,Home Insurance,,True
PAYCHECK FROM TECH CORP,salary,5285.52,,,True
Taxi service Aug,transportation,28.04,Mobil,,True
Bank Transfer $198,entertainment,26.32,Hulu,,True
Jul Restaurant meal,dining,31.69,Panera Bread,,True
Lowe's order via Mastercard,shopping,15.0,Lowe's,,True
Produce purchase via Mastercard,groceries,102.71,Food Lion,,True
Fast food Nov,dining,25.5,Subway,,True
Best Buy shopping,shopping,163.39,eBay,True,
Dunkin' via Visa,dining,20.27,Domino's,,True
May Public transportation,transportation,74.66,Shell,,True
lunch at applebees,dining,21.53,Pizza Hut,,True
Bank Transfer via PayPal,subscriptions,18.06,,,True
Target grocery,groceries,171.95,Trader Joe's,True,
payment to Walmart grocery,groceries,89.68,Whole Foods,,True
$58 Purchase,subscriptions,28.92,,,True
Purchase Sep,housing,1956.2,Rent Payment,,True
Purchase $58,subscriptions,28.92,,,True
Chick-Fil-A,dining,22.32,McDonald's,,True
CONTRACT WORK INVOICE #3200,freelance,1665.41,,,True
Payment for services $188,utilities,80.82,Phone Bill,,True
Contract Work Invoice #4599,freelance,1121.96,,True,
Contract Work Invoice #7604,freelance,351.84,,True,
Paycheck from Tech Corp $162,salary,2000.0,,,True
Taxi service Jun,transportation,10.0,Shell,,True
Bank Transfer,subscriptions,6.24,,True,
Supermarket purchase $130,groceries,33.05,Kroger,,True
Housing Transaction $137,housing,1612.58,Property Tax,,True
Restaurant meal Jun,dining,5.0,Pizza Hut,,True
GROCERIES AT KROGER,groceries,105.71,Food Lion,,True
Fast food Apr,dining,67.82,Wendy's,,True
coffee at chipotle,dining,42.03,Wendy's,,True
Feb Gas at Gas Station,transportation,37.33,Parking,,True
$101 Groceries at Giant,groceries,107.66,Publix,,True
Jun Produce purchase,groceries,105.89,Publix,,True
Electronics eBay purchase,shopping,15.0,Macy's,,True
$7 Paycheck from Innovation Co,salary,7996.93,,,True
Coffee at Applebees $143,dining,56.65,Domino's,,True
Healthcare Transaction via PayPal,healthcare,403.84,Prescription,,True
Jun Freelance Payment,freelance,1269.38,,,True
Nov Bank Transfer,subscriptions,17.16,,,True
Paycheck From Global Solutions,salary,6752.29,,,True
Lowe'S Order,shopping,40.74,Gap,,True
Coffee at Pizza Hut,dining,30.45,Panera Bread,True,
Contract Work Invoice #9220,freelance,100.0,,True,
Paycheck from Tech Corp Aug,salary,2669.24,,,True
Public transportation via Visa,transportation,52.39,Train Ticket,,True
$151 Purchase,housing,546.12,Mortgage,,True
Payment for services Apr,healthcare,267.08,Pharmacy,,True
Contract Work Invoice #4180,freelance,3024.17,,True,
Healthcare Transaction Aug,healthcare,20.0,Hospital,,True
Online purchase eBay,shopping,45.29,Nordstrom,True,
at Amazon order,shopping,86.3,Best Buy,,True
Target shopping via PayPal,shopping,15.0,Target,,True
Purchase via Visa,healthcare,178.85,Medical Supplies,,True
at Coffee at Applebees,dining,56.65,Domino's,,True
Payment For Services,utilities,219.53,Cable TV,,True
Contract Work Invoice #7871,freelance,2184.83,,True,
Dinner at Panera Bread,dining,18.77,Taco Bell,True,
Contract Work Invoice #2028,freelance,1998.79,,True,
$138 Applebees,dining,31.4,Wendy's,,True
Mobil ride via Apple Pay,transportation,33.38,Mobil,,True
Feb Weekly groceries,groceries,20.0,Safeway,,True
contract work invoice #5353,freelance,168.35,,,True
Electronics Macy's purchase,shopping,296.56,Kohl's,,True
Nov Taxi service,transportation,28.8,Train Ticket,,True
payment to Lunch at Burger King,dining,43.08,Wendy's,,True
at Groceries at Costco,groceries,53.38,Trader Joe's,,True
Housing Transaction via Visa,housing,1829.09,Property Tax,,True
Weekly groceries $13,groceries,51.23,Giant,,True
Restaurant meal,dining,51.45,McDonald's,True,
Purchase Sep,utilities,119.92,Phone Bill,,True
GAP SHOPPING,shopping,15.0,Best Buy,,True
Car maintenance Feb,transportation,45.15,Uber,,True
Consulting Services $102,freelance,766.05,,,True
Gas Station Ride,transportation,20.69,Exxon,,True
payment to Groceries at Safeway,groceries,83.56,Publix,,True
Electronics Gap,shopping,135.79,Nordstrom,True,
$97 Taxi service,transportation,22.93,Exxon,,True
Paycheck from Tech Corp via Apple Pay,salary,3532.74,,,True
$199 Car maintenance,transportation,21.47,Train Ticket,,True
Bank Transfer Jun,subscriptions,22.43,,,True
Bus Ticket ride Apr,transportation,45.27,Train Ticket,,True
Exxon Ride,transportation,15.39,Gas Station,,True
payment to Online purchase Home Depot,shopping,103.2,Best Buy,,True
$88 Fast food,dining,5.86,Dunkin',,True
Coffee at Domino's,dining,9.31,Applebees,True,
Monthly Salary Deposit $108,salary,6866.52,,,True
home depot order,shopping,15.0,Amazon,,True
Direct Deposit Salary via Google Pay,salary,5966.92,,,True
Online Purchase Macy'S,shopping,108.05,Home Depot,,True
Home goods $167,shopping,44.12,Lowe's,,True
Lunch at Subway,dining,20.98,Domino's,True,
Bank Transfer Nov,housing,928.2,Rent Payment,,True
$132 Payment for services,entertainment,24.97,Hulu,,True
McDonald's,dining,34.74,Applebees,True,
at Taco Bell,dining,19.34,Applebees,,True
Taxi service Jan,transportation,70.42,Uber,,True
Contract Work Invoice #4723,freelance,1074.03,,True,
Freelance Payment via Visa,freelance,1740.9,,,True
Home Depot shopping via Mastercard,shopping,190.35,Old Navy,,True
Purchase $14,entertainment,10.0,Disney+,,True
LUNCH AT SUBWAY,dining,72.16,Burger King,,True
Contract Work Invoice #6581,freelance,174.72,,True,
Purchase $168,housing,2596.12,Property Tax,,True
Lunch at Subway $98,dining,41.7,Burger King,,True
macy's order,shopping,115.64,Walmart,,True
$134 Bank Transfer,utilities,174.72,Electric Company,,True
Bank Transfer via Visa,subscriptions,24.24,,,True
Restaurant meal $190,dining,5.0,Burger King,,True
Gas At Uber,transportation,40.44,Mobil,,True
Exxon ride Aug,transportation,59.09,Shell,,True
$10 Lyft ride,transportation,32.43,BP,,True
Contract Work Invoice #6696 via Mastercard,freelance,100.0,,,True
Public transportation Jun,transportation,54.77,Mobil,,True
Gap order $139,shopping,15.0,Walmart,,True
Mar Weekly groceries,groceries,134.23,Trader Joe's,,True
Contract Work Invoice #9520,freelance,1369.48,,True,
Home goods $116,shopping,15.0,Macy's,,True
Sep Coffee at Taco Bell,dining,30.27,Pizza Hut,,True
Contract Work Invoice #9764,freelance,100.0,,True,
BP RIDE,transportation,20.59,Uber,,True
$98 Lunch at Subway,dining,41.7,Burger King,,True
Fast food May,dining,28.55,Domino's,,True
at Lunch at Taco Bell,dining,52.23,Panera Bread,,True
Utilities Transaction $47,utilities,30.0,Electric Company,,True
Contract Work Invoice #9460,freelance,2641.86,,True,
Dinner At Dunkin',dining,27.97,Burger King,,True
$179 Best Buy shopping,shopping,15.0,Lowe's,,True
at Olive Garden,dining,24.97,Chipotle,,True
Mar Car maintenance,transportation,10.0,Exxon,,True
Bank Transfer Jan,healthcare,213.68,Health Insurance,,True
Walmart shopping,shopping,15.0,eBay,True,
Utilities Transaction $15,utilities,41.7,Electric Company,,True
Subscriptions Transaction via Google Pay,subscriptions,13.56,,,True
Costco Grocery,groceries,110.98,Meijer,,True
Online purchase Amazon purchase,shopping,217.14,Best Buy,,True
Groceries at Meijer purchase,groceries,137.65,Publix,,True
$174 Gas at Bus Ticket,transportation,38.63,Shell,,True
at Dinner at Applebees,dining,18.99,Subway,,True
Nordstrom shopping,shopping,120.38,Target,True,
$174 Purchase,subscriptions,27.53,,,True
Dinner At Chick-Fil-A,dining,16.14,Dunkin',,True
Target grocery via Apple Pay,groceries,127.59,Target,,True
Lunch at Olive Garden,dining,26.38,Chick-fil-A,True,
Jun Consulting Services,freelance,2276.92,,,True
Sep Purchase,utilities,119.92,Phone Bill,,True
Public Transportation,transportation,54.77,Mobil,,True
Monthly Salary Deposit Feb,salary,6866.52,,,True
Bank Transfer via Mastercard,entertainment,42.8,Netflix,,True
Supermarket Purchase,groceries,78.45,Whole Foods,,True
Gas at Mobil purchase,transportation,46.51,BP,,True
aldi grocery,groceries,196.37,Walmart,,True
Utilities Transaction $7,utilities,230.5,Water Bill,,True
Bank Transfer $95,utilities,149.02,Phone Bill,,True
Contract Work Invoice #9836,freelance,100.0,,True,
Jan Taxi service,transportation,70.42,Uber,,True
ELECTRONICS HOME DEPOT,shopping,174.94,Lowe's,,True
Groceries At Walmart,groceries,79.93,Costco,,True
Dinner at Pizza Hut via Apple Pay,dining,28.55,Burger King,,True
Groceries at Trader Joe's $31,groceries,75.29,Walmart,,True
Freelance Payment $161,freelance,1740.9,,,True
Freelance Payment Nov,freelance,100.0,,,True
at Electronics Gap,shopping,63.84,Home Depot,,True
$157 Whole Foods grocery,groceries,58.6,Publix,,True
$26 Bank Transfer,utilities,141.94,Internet Service,,True
Clothing purchase Aug,shopping,100.01,Macy's,,True
Domino's,dining,57.26,Domino's,True,
dinner at wendy's,dining,33.36,Chick-fil-A,,True
$184 Supermarket purchase,groceries,119.38,Trader Joe's,,True
lunch at chipotle,dining,44.29,McDonald's,,True
GIANT GROCERY,groceries,81.55,Food Lion,,True
CLOTHING PURCHASE,shopping,100.01,Macy's,,True
Freelance Payment $40,freelance,2893.19,,,True
$188 Payment for services,utilities,80.82,Phone Bill,,True
Lunch at Starbucks,dining,33.76,Starbucks,True,
$71 Food shopping,groceries,38.76,Publix,,True
Bank Transfer $37,utilities,268.77,Cable TV,,True
coffee at starbucks,dining,11.16,Domino's,,True
payment to Lunch at Wendy's,dining,14.78,Subway,,True
Fast food $33,dining,37.85,Chick-fil-A,,True
COFFEE AT CHIPOTLE,dining,42.03,Wendy's,,True
Parking fee $184,transportation,10.0,Lyft,,True
$179 Car maintenance,transportation,40.0,Gas Station,,True
$71 Supermarket purchase,groceries,81.51,Walmart,,True
Target Shopping,shopping,76.61,Nordstrom,,True
Purchase May,subscriptions,30.48,,,True
Costco grocery purchase,groceries,110.98,Meijer,,True
Publix Grocery,groceries,113.23,Publix,,True
Contract Work Invoice #7203,freelance,714.66,,True,
Groceries at Food Lion $48,groceries,115.94,Target,,True
at Coffee at Dunkin',dining,42.6,Pizza Hut,,True
Weekly groceries $59,groceries,20.0,Safeway,,True
at Dinner at Chick-fil-A,dining,16.14,Dunkin',,True
Shell Ride,transportation,39.76,Shell,,True
payment to Online purchase Lowe's,shopping,42.87,Amazon,,True
Online purchase Gap,shopping,15.0,Old Navy,True,
at Online purchase Best Buy,shopping,37.09,Kohl's,,True
Lunch at McDonald's,dining,23.83,Chipotle,True,
Weekly groceries Jan,groceries,34.93,Giant,,True
Aug Taxi service,transportation,28.04,Mobil,,True
subscriptions transaction,subscriptions,22.81,,,True
fast food,dining,14.8,Panera Bread,,True
Nordstrom order via Apple Pay,shopping,24.42,Nordstrom,,True
contract work invoice #4796,freelance,298.65,,,True
Amazon shopping purchase,shopping,207.21,Old Navy,,True
$136 Applebees,dining,14.25,Domino's,,True
Weekly groceries $41,groceries,20.0,Walmart,,True
ELECTRONICS AMAZON,shopping,327.96,Lowe's,,True
Payment for services $19,entertainment,10.0,YouTube Premium,,True
Online purchase Lowe's,shopping,110.56,Home Depot,True,
Contract Work Invoice #5251,freelance,100.0,,True,
contract work invoice #1491,freelance,2660.79,,,True
CONTRACT WORK INVOICE #5353,freelance,168.35,,,True
Gap Order,shopping,15.0,Target,,True
at Home Depot shopping,shopping,190.35,Old Navy,,True
$181 Purchase,entertainment,38.96,Spotify,,True
May Purchase,entertainment,10.0,HBO Max,,True
Car maintenance $27,transportation,13.4,Parking,,True
Kohl's order purchase,shopping,204.99,Walmart,,True
Dinner at McDonald's purchase,dining,21.2,Wendy's,,True
$153 Taxi service,transportation,28.8,Train Ticket,,True
payment to Coffee at Chipotle,dining,42.03,Wendy's,,True
Coffee at Chipotle purchase,dining,42.03,Wendy's,,True
Feb Taxi service,transportation,43.1,Gas Station,,True
Purchase $171,healthcare,166.16,Pharmacy,,True
Contract Work Invoice #6335,freelance,100.0,,True,
at Walmart shopping,shopping,271.46,Old Navy,,True
Payment for services via Mastercard,entertainment,37.1,YouTube Premium,,True
best buy shopping,shopping,15.0,Lowe's,,True
$185 Public transportation,transportation,52.39,Train Ticket,,True
Kohl'S Shopping,shopping,125.5,Walmart,,True
Payment for services Jul,utilities,78.91,Phone Bill,,True
Taxi service via Visa,transportation,48.05,Shell,,True
payment to Home Depot shopping,shopping,190.35,Old Navy,,True
Nordstrom order via Google Pay,shopping,85.18,Best Buy,,True
Produce purchase $186,groceries,127.71,Food Lion,,True
Healthcare Transaction,healthcare,20.0,Doctor's Office,True,
Purchase $78,utilities,119.92,Phone Bill,,True
LUNCH AT DOMINO'S,dining,17.26,McDonald's,,True
Payment for services $107,entertainment,60.22,YouTube Premium,,True
payment to Kroger grocery,groceries,53.19,Safeway,,True
Online purchase Walmart,shopping,15.0,eBay,True,
Contract Work Invoice #7726,freelance,953.47,,True,
Bank Transfer Aug,utilities,210.72,Water Bill,,True
Payment for services via Google Pay,utilities,80.82,Phone Bill,,True
payment to Giant grocery,groceries,81.55,Food Lion,,True
GROCERIES AT PUBLIX,groceries,31.17,Safeway,,True
Coffee At Dunkin',dining,42.6,Pizza Hut,,True
at Groceries at Whole Foods,groceries,102.84,Target,,True
Lunch at Pizza Hut via Apple Pay,dining,28.96,McDonald's,,True
Groceries at Costco via PayPal,groceries,53.38,Trader Joe's,,True
Aldi Grocery,groceries,196.37,Walmart,,True
Food Lion grocery $106,groceries,57.26,Food Lion,,True
payment to Groceries at Walmart,groceries,79.93,Costco,,True
contract work invoice #4338,freelance,1727.35,,,True
Home goods Dec,shopping,190.08,Old Navy,,True
Apr Supermarket purchase,groceries,33.05,Kroger,,True
at Dinner at Dunkin',dining,27.97,Burger King,,True
BP ride,transportation,41.26,Uber,True,
Payment for services Aug,healthcare,86.85,Dentist,,True
Paycheck From Innovation Co,salary,4489.71,,,True
Dinner at Chick-fil-A,dining,10.51,Dunkin',True,
Subscriptions Transaction $83,subscriptions,30.98,,,True
$18 Freelance Payment,freelance,100.0,,,True
Payment for services via Apple Pay,utilities,219.53,Cable TV,,True
Coffee At Mcdonald'S,dining,40.42,Applebees,,True
$28 Entertainment Transaction,entertainment,85.93,Sports Game,,True
Purchase Oct,entertainment,38.96,Spotify,,True
Direct Deposit Salary $134,salary,5084.29,,,True
Coffee at Applebees purchase,dining,56.65,Domino's,,True
COFFEE AT TACO BELL,dining,30.27,Pizza Hut,,True
$132 Fast food,dining,30.69,McDonald's,,True
$161 Freelance Payment,freelance,1740.9,,,True
$14 Purchase,entertainment,10.0,Disney+,,True
Gas at Shell,transportation,10.0,Exxon,True,
Dinner at Olive Garden,dining,49.67,Olive Garden,True,
CONTRACT WORK INVOICE #2275,freelance,485.24,,,True
Clothing purchase via Mastercard,shopping,15.0,Best Buy,,True
Electronics Amazon,shopping,201.64,Macy's,True,
GAS AT BUS TICKET,transportation,38.63,Shell,,True
Car maintenance $186,transportation,11.67,Uber,,True
Lowe's order Aug,shopping,15.0,Lowe's,,True
Food shopping,groceries,89.57,Aldi,True,
CONSULTING SERVICES,freelance,766.05,,,True
Gas At Mobil,transportation,46.51,BP,,True
Contract Work Invoice #4001,freelance,528.8,,True,
Payment for services $177,subscriptions,5.0,,,True
Nov Consulting Services,freelance,2515.12,,,True
Jul Parking fee,transportation,31.55,Exxon,,True
GAS STATION RIDE,transportation,20.69,Exxon,,True
Contract Work Invoice #9336,freelance,2294.85,,True,
Lunch at Olive Garden purchase,dining,25.37,Chick-fil-A,,True
Exxon ride via Visa,transportation,42.68,Bus Ticket,,True
Lunch at Chipotle purchase,dining,44.29,McDonald's,,True
Contract Work Invoice #5353,freelance,1545.08,,True,
Purchase via Mastercard,entertainment,33.74,Spotify,,True
Contract Work Invoice #4217,freelance,100.0,,True,
contract work invoice #1381,freelance,1376.02,,,True
Groceries at Kroger Sep,groceries,105.71,Food Lion,,True
Contract Work Invoice #7347,freelance,1298.59,,True,
Coffee at Dunkin' via Visa,dining,54.02,Applebees,,True
utilities transaction,utilities,286.07,Internet Service,,True
Dec Chick-fil-A,dining,20.68,Domino's,,True
Coffee At Taco Bell,dining,30.27,Pizza Hut,,True
Gas at Lyft via Mastercard,transportation,21.5,Shell,,True
payment to Electronics Macy's,shopping,296.56,Kohl's,,True
Contract Work Invoice #5100 $101,freelance,100.0,,,True
at Lunch at Panera Bread,dining,11.1,Olive Garden,,True
lunch at starbucks,dining,48.5,Chipotle,,True
Healthcare Transaction via Google Pay,healthcare,20.0,Hospital,,True
Restaurant Meal,dining,5.0,Starbucks,,True
Walmart Grocery,groceries,89.68,Whole Foods,,True
Macy's order purchase,shopping,115.64,Walmart,,True
Old Navy order via Visa,shopping,15.0,Target,,True
Contract Work Invoice #1382,freelance,690.49,,True,
Contract Work Invoice #4835,freelance,100.0,,True,
Exxon ride,transportation,10.0,Gas Station,True,
at Groceries at Publix,groceries,31.17,Safeway,,True
Coffee at Burger King,dining,10.59,Taco Bell,True,
$110 Payment for services,entertainment,10.0,Arcade,,True
gas at gas station,transportation,11.4,Gas Station,,True
Payment for services $157,utilities,78.91,Phone Bill,,True
Payment for services Apr,entertainment,56.58,Netflix,,True
Electronics Best Buy purchase,shopping,15.0,Target,,True
Contract Work Invoice #2327,freelance,2531.01,,True,
SHELL RIDE,transportation,39.76,Shell,,True
Contract Work Invoice #9406,freelance,100.0,,True,
payment to Mobil ride,transportation,33.38,Mobil,,True
Payment for services,entertainment,28.96,Bowling,True,
Purchase $37,subscriptions,8.36,,,True
Produce purchase Sep,groceries,50.16,Food Lion,,True
Payment for services,utilities,144.4,Trash Service,True,
Coffee at Panera Bread purchase,dining,32.48,Taco Bell,,True
Contract Work Invoice #4415,freelance,1468.98,,True,
Contract Work Invoice #8762,freelance,1316.61,,True,
trader joe's grocery,groceries,105.95,Walmart,,True
$32 Subscriptions Transaction,subscriptions,18.46,,,True
Gas at Metro Transit purchase,transportation,23.82,BP,,True
$56 Taxi service,transportation,70.42,Uber,,True
Old Navy shopping purchase,shopping,15.0,Nordstrom,,True
$75 Housing Transaction,housing,1089.63,Property Tax,,True
payment to Gas at BP,transportation,72.04,Shell,,True
Electronics Walmart via Mastercard,shopping,481.95,Target,,True
purchase,entertainment,85.38,Concert,,True
LUNCH AT STARBUCKS,dining,48.5,Chipotle,,True
$86 Bank Transfer,entertainment,68.86,Arcade,,True
Purchase,utilities,93.32,Water Bill,True,
$8 Nordstrom shopping,shopping,196.13,Best Buy,,True
Safeway grocery purchase,groceries,110.09,Food Lion,,True
Home Depot order purchase,shopping,15.0,Amazon,,True
Electronics Nordstrom,shopping,123.73,Walmart,True,
payment to Lunch at Taco Bell,dining,52.23,Panera Bread,,True
Groceries at Giant,groceries,30.48,Whole Foods,True,
$22 Bank Transfer,subscriptions,23.94,,,True
$39 Parking fee,transportation,28.67,Exxon,,True
Taxi service via Apple Pay,transportation,70.42,Uber,,True
home depot shopping,shopping,190.35,Old Navy,,True
CONTRACT WORK INVOICE #9798,freelance,1613.61,,,True
FOOD LION GROCERY,groceries,47.79,Safeway,,True
Bank Transfer via Apple Pay,entertainment,40.77,Hulu,,True
$89 Payment for services,housing,1384.03,Mortgage,,True
payment to Lunch at Chipotle,dining,44.29,McDonald's,,True
$96 Weekly groceries,groceries,40.91,Giant,,True
$25 Lowe's shopping,shopping,15.0,Lowe's,,True
Coffee At Wendy'S,dining,35.61,Burger King,,True
paycheck from global solutions,salary,6752.29,,,True
Gap order,shopping,134.87,Gap,True,
Lunch At Panera Bread,dining,11.1,Olive Garden,,True
Paycheck from Acme Inc,salary,4569.43,,True,
Lunch at Chick-fil-A purchase,dining,35.43,Wendy's,,True
Groceries at Food Lion Jul,groceries,96.95,Kroger,,True
Bank Transfer via PayPal,entertainment,12.05,Concert,,True
Kohl's shopping,shopping,103.87,Home Depot,True,
Bank Transfer $36,housing,1858.88,HOA Fees,,True
Kohl's shopping Jun,shopping,207.65,Lowe's,,True
Contract Work Invoice #3197,freelance,325.53,,True,
Taxi service,transportation,10.0,BP,True,
$74 Bank Transfer,entertainment,10.0,Sports Game,,True
Contract Work Invoice #4338 via Google Pay,freelance,1727.35,,,True
Olive Garden,dining,62.63,Applebees,True,
walmart grocery,groceries,89.68,Whole Foods,,True
Home goods $157,shopping,118.74,Kohl's,,True
Purchase via Mastercard,subscriptions,24.55,,,True
healthcare transaction,healthcare,20.0,Hospital,,True
$108 Dinner at Chick-fil-A,dining,16.14,Dunkin',,True
Contract Work Invoice #8932,freelance,351.89,,,True
Freelance Payment Sep,freelance,607.14,,,True
$103 Housing Transaction,housing,1829.09,Property Tax,,True
Jul Direct Deposit Salary,salary,3812.21,,,True
at Coffee at Panera Bread,dining,32.48,Taco Bell,,True
dinner at burger king,dining,35.94,Starbucks,,True
Purchase Jan,utilities,30.0,Electric Company,,True
Contract Work Invoice #2758,freelance,1698.73,,True,
Entertainment Transaction $114,entertainment,23.58,Bowling,,True
payment for services,entertainment,58.16,HBO Max,,True
Payment for services Aug,utilities,63.28,Cable TV,,True
Kroger grocery purchase,groceries,53.19,Safeway,,True
gas at bp,transportation,72.04,Shell,,True
Bank Transfer $109,subscriptions,13.31,,,True
Giant grocery,groceries,45.38,Target,True,
CONTRACT WORK INVOICE #6963,freelance,241.86,,,True
taxi service,transportation,43.1,Gas Station,,True
Dinner at Chick-fil-A via PayPal,dining,16.14,Dunkin',,True
car maintenance,transportation,73.62,Metro Transit,,True
Lunch at Taco Bell via Apple Pay,dining,10.78,Domino's,,True
Gas at Shell purchase,transportation,44.1,Shell,,True
Bank Transfer $142,healthcare,27.4,Health Insurance,,True
Paycheck from Tech Corp via Visa,salary,3519.53,,,True
$172 Payment for services,subscriptions,18.95,,,True
Nov Housing Transaction,housing,1829.09,Property Tax,,True
contract work invoice #3200,freelance,1665.41,,,True
GROCERIES AT FOOD LION,groceries,78.13,Walmart,,True
